"aaa",1543,"heliocentryczna budowa świata, wydanie 'O obrotach sfer niebieskich' (Mikołaj Kopernik - Polska).","Wynalazki","bbb"
"aaa",1509,"odkryto najstarszą tapetę ścienną (Christ College w Cambridge - Anglia).","Wynalazki","bbb"
"aaa",1510,"zegarek sprężynowy - najstarszy zachowany egzemplarz (Peter Henlein - Norymberga)","Wynalazki","bbb"
"aaa",1510,"pisuar (Włochy - czas przybliżony)","Wynalazki","bbb"
"aaa",1510,"pojawia się przecinek w tekście (Aldo Manuzio - Włochy - czas przybliżony).","Wynalazki","bbb"
"aaa",1512,"sztuka wytrawiania obrazów (Albreht Dürer)","Wynalazki","bbb"
"aaa",1512,"chusteczka do nosa jest używana w obecnym zakresie (Włochy - czas przybliżony)","Wynalazki","bbb"
"aaa",1517,"zamek kołowy do broni palnej (Johann Kiefus - Niemcy)","Wynalazki","bbb"
"aaa",1517,"bidet (Leonardo da Vinci (?) - Włochy - czas przybliżony).","Wynalazki","bbb"
"aaa",1520,"zwyczaj ozdabiania choinki (Alzacja - Niemcy).","Wynalazki","bbb"
"aaa",1530,"udoskonalony kołowrotek z napędem pedałowym (Jürgen - Niemcy)","Wynalazki","bbb"
"aaa",1530,"pistolety z zamkiem kołowym (Włochy, Niemcy).","Wynalazki","bbb"
"aaa",1535,"użycie dzwonu nurkowego (Jezioro Nemi - Włochy).","Wynalazki","bbb"
"aaa",1540,"otrzymano eter (Valerius Cordus - Niemcy).","Wynalazki","bbb"
"aaa",1545,"zbudowano pierwszy ogród zimowy (Daniel Barbaro - Włochy).","Wynalazki","bbb"
"aaa",1550,"wynalezienie naboi strzeleckich (czas i miejsce nieznane)","Wynalazki","bbb"
"aaa",1556,"współczesna postać gorsetu (lokalizacja nieznana).","Wynalazki","bbb"
"aaa",1559,"pierwsza książka, która w tytule miała słowo encyklopedia (Pavao Skalicia - Szwajcaria).","Wynalazki","bbb"
"aaa",1560,"zastosowanie szyn w kopalniach (Anglia).","Wynalazki","bbb"
"aaa",1565,"skonstruowano ołówek (Conrad Gessner - Szwajcaria).","Wynalazki","bbb"
"aaa",1567,"wyposażenie wojska w muszkiety na naboje (Hiszpania).","Wynalazki","bbb"
"aaa",1569,"udoskonalona tokarka z prototypem wrzeciennika i suportu (Jaques Besson - Francja).","Wynalazki","bbb"
"aaa",1572,"metoda obliczania pierwiastków kwadratowych (Rafael Bombelli - Włochy)","Wynalazki","bbb"
"aaa",1572,"odkrycie supernowej SN1572 (Tycho Brahe - Dania).","Wynalazki","bbb"
"aaa",1572,"najdawniejszy znany polski elementarz (Królewiec - Polska)","Wynalazki","bbb"
"aaa",1577,"log do pomiaru prędkości statków (W. Bourne).","Wynalazki","bbb"
"aaa",1582,"pierwsze wykorzystanie energii pływów morskich (Peter Morice - Londyn)","Wynalazki","bbb"
"aaa",1582,"powstanie kalendarza gregoriańskiego (papież Grzegorz XIII).","Wynalazki","bbb"
"aaa",1583,"pierwszy na świecie park rozrywki (park Bakken - Dania).","Wynalazki","bbb"
"aaa",1588,"ułożenie tablicy logarytmicznej (opublikowana 1620 - Jost Bürgi - Szwajcaria)","Wynalazki","bbb"
"aaa",1588,"wprowadzenie na pola bitew kartauny (Maurycy Orański - Holandia).","Wynalazki","bbb"
"aaa",1589,"dziewiarka ręczna do wyrobu pończoch (William Lee - Anglia)","Wynalazki","bbb"
"aaa",1590,"mikroskop (Zaharias Jansen - Holandia).","Wynalazki","bbb"
"aaa",1594,"pierwszy mechaniczny tartak (Cornelis Corneliszoon - Holandia)","Wynalazki","bbb"
"aaa",1596,"pierwszy klozet spłukiwany wodą (John Harrington - Anglia).","Wynalazki","bbb"
"aaa",1597,"termometr powietrzny (Galileusz - Włochy).","Wynalazki","bbb"
"aaa",1600,"termometr (Włochy)","Wynalazki","bbb"
"aaa",1600,"pojazd z napędem żaglowym (Simon Stevin - Holandia)","Wynalazki","bbb"
"aaa",1608,"luneta (Hans Lipperschey - Holandia).","Wynalazki","bbb"
"aaa",1609,"zastosowanie lunety do badań astronomicznych (Galileusz - Włochy).","Wynalazki","bbb"
"aaa",1610,"pierwsza w Polsce i Europie księgarnia (Franciszek Jakub Mercenich - Polska).","Wynalazki","bbb"
"aaa",1616,"resor piórowy (Fausto Veranzio - Włochy).","Wynalazki","bbb"
"aaa",1618,"prototyp lornety (Galileusz - Włochy).","Wynalazki","bbb"
"aaa",1619,"maseczka mająca chronić przed dżumą (Charles de Lorme - Francja).","Wynalazki","bbb"
"aaa",1620,"karuzela (prawdopodobnie Turcja).","Wynalazki","bbb"
"aaa",1621,"suwak logarytmiczny (William Oughtred - Anglia).","Wynalazki","bbb"
"aaa",1623,"arytmometr (Wilhelm Schickard - Niemcy).","Wynalazki","bbb"
"aaa",1624,"pierwowzór łodzi podwodnej (Cornelius J. Drebbel - Anglia).","Wynalazki","bbb"
"aaa",1631,"początki prasy - pierwsze gazety - (Kardynał Richelieu - Francja)","Wynalazki","bbb"
"aaa",1631,"noniusz (Pierre Vernier - Francja).","Wynalazki","bbb"
"aaa",1637,"pierwowzór peryskopu (Jan Heweliusz - Polska).","Wynalazki","bbb"
"aaa",1640,"metoda otrzymywania z węgla koksu (Daniel Stumpfelt - Niemcy).","Wynalazki","bbb"
"aaa",1641,"pompa powietrzna (Otto von Guericke - Niemcy).","Wynalazki","bbb"
"aaa",1642,"arytmometr (Blaise Pascal - Francja)","Wynalazki","bbb"
"aaa",1642,"barometr rtęciowy (Evangelista Torricelli - Włochy).","Wynalazki","bbb"
"aaa",1645,"skonstruowano ruletkę (Blaise Pascal - Francja).","Wynalazki","bbb"
"aaa",1655,"sikawka pożarnicza z komorą powietrzną (Hans Hautsch - Niemcy)","Wynalazki","bbb"
"aaa",1655,"mikrometr (Robert Hooke - Anglia).","Wynalazki","bbb"
"aaa",1657,"zegar wahadłowy (Christian Huyghens - Holandia).","Wynalazki","bbb"
"aaa",1660,"równomierne rozchodzenie się ciśnienia w cieczy (Blaise Pascal - Francja).","Wynalazki","bbb"
"aaa",1661,"manometr (Otto von Guericke - Niemcy)","Wynalazki","bbb"
"aaa",1661,"stworzenie pojęcia pierwiastków chemicznych (Robert Boyle - Anglia).","Wynalazki","bbb"
"aaa",1662,"zwodowano pierwszy w Europie katamaran (William Petty - Irlandia)","Wynalazki","bbb"
"aaa",1662,"autobus na regularnych liniach (Blaise Pascal - Francja).","Wynalazki","bbb"
"aaa",1663,"zjawisko prądu elektrycznego (Otto von Guericke - Niemcy)","Wynalazki","bbb"
"aaa",1663,"maszyna elektrostatyczna (Otto von Guericke - Niemcy).","Wynalazki","bbb"
"aaa",1666,"udoskonalona maszyna matematyczna do czterech działań (Wilhelm Leibniz - Niemcy).","Wynalazki","bbb"
"aaa",1667,"sproszkowane kakao (bracia Van Houten - Holandia)","Wynalazki","bbb"
"aaa",1667,"anemometr (Robert Hooke - Anglia).","Wynalazki","bbb"
"aaa",1668,"teleskop zwierciadlany (Isaac Newton - Anglia)","Wynalazki","bbb"
"aaa",1668,"w Londynie oświetlone są ulice.","Wynalazki","bbb"
"aaa",1673,"wahadło do regulacji chodu zegara (Christiaan Huyghens - Holandia).","Wynalazki","bbb"
"aaa",1679,"autoklaw (Denis Papin - Francja).","Wynalazki","bbb"
"aaa",1680,"trójkołowy pojazd poruszany siłą mięśni (Stephan Farfler - Niemcy)","Wynalazki","bbb"
"aaa",1680,"pierwsza brzytwa o stalowym ostrzu (Sheffield w Anglii)","Wynalazki","bbb"
"aaa",1681,"kociołek parowy z zaworem bezpieczeństwa (Denis Papin - Francja).","Wynalazki","bbb"
"aaa",1682,"odkrycie promieni cieplnych (Edme Mariotte - Francja).","Wynalazki","bbb"
"aaa",1687,"winda działająca na zasadzie przeciwciężarów (Erhard Weigel - Niemcy)","Wynalazki","bbb"
"aaa",1687,"opublikowano po łacinie ""Matematyczne zasady filozofii przyrody"" (Principia) Isaac'a Newtona.","Wynalazki","bbb"
"aaa",1688,"silnik parowy (Denis Papin - Francja).","Wynalazki","bbb"
"aaa",1689,"pompa odśrodkowa (Denis Papin - Francja).","Wynalazki","bbb"
"aaa",1690,"odkrycie polaryzacji światła (Christiaan Huygens - Holandia)","Wynalazki","bbb"
"aaa",1690,"udoskonalenie dzwonu nurkowego (Edmund Halley - Anglia).","Wynalazki","bbb"
"aaa",1690,"korek do butelki szampana (Dom Pierre Perignon - Francja)","Wynalazki","bbb"
"aaa",1691,"pierwszy patent na maszynę do prania (John Tyzacke - Anglia).","Wynalazki","bbb"
"aaa",1695,"ogłoszenie matrymonialne (John Houghton - Anglia).","Wynalazki","bbb"
"aaa",1698,"atmosferyczna beztłokowa maszyna parowa do odwadniania kopalni (Thomas Savery - Anglia).","Wynalazki","bbb"
"aaa",1699,"uzyskanie fosforu (Henning Brand - Bawaria).","Wynalazki","bbb"
"aaa",1700,"początki produkcji masowej (Christion Polhem - Szwecja)","Wynalazki","bbb"
"aaa",1707,"prototyp statku parowego (Denis Papin - Francja).","Wynalazki","bbb"
"aaa",1709,"saska porcelana z kaolinu (Johann Böttger - Miśnia).","Wynalazki","bbb"
"aaa",1711,"pierwszy fortepian (Bartolomeo Cristofori - Włochy).","Wynalazki","bbb"
"aaa",1712,"tłokowa maszyna parowa atmosferyczna do pompowania wody z kopalni (Thomas Newcomen - Anglia).","Wynalazki","bbb"
"aaa",1714,"trzy podstawowe prawa ruchu ciał (Isaac Newton - Anglia).","Wynalazki","bbb"
"aaa",1715,"nowoczesny skafander nurka, odporny na ciśnienie (John Lethbridge - Anglia).","Wynalazki","bbb"
"aaa",1716,"pomysł na poduszkowiec (Emanuel Swedenborg - Szwecja).","Wynalazki","bbb"
"aaa",1718,"termometr rtęciowy (Daniel Fahrenheit - Niemcy).","Wynalazki","bbb"
"aaa",1720,"wiertarki do metali i obrabiarki do kół zębatych","Wynalazki","bbb"
"aaa",1720,"teodolit (Jonathan Sisson - Anglia).","Wynalazki","bbb"
"aaa",1727,"pierwsze fotografie (Johann Heinrich Schulze - Niemcy).","Wynalazki","bbb"
"aaa",1729,"soczewka achromatyczna (Chester Moore Hall - Anglia).","Wynalazki","bbb"
"aaa",1731,"pirometr (Pieter van Musschenbroek - Holandia)","Wynalazki","bbb"
"aaa",1731,"sekstans (John Hadley - Anglia).","Wynalazki","bbb"
"aaa",1732,"maszyna parowa (Newcomena) do napędu maszyn obrotowych (Abraham Darby - Anglia).","Wynalazki","bbb"
"aaa",1733,"mechaniczne czółenko tkackie (John Kay - Anglia)","Wynalazki","bbb"
"aaa",1733,"wózek dziecinny (Wiliam Kent - Anglia).","Wynalazki","bbb"
"aaa",1735,"wytop żelaza tylko przy użyciu koksu (Darby - Anglia)","Wynalazki","bbb"
"aaa",1735,"pierwszy system roślin (Karol Linneusz - Szwecja).","Wynalazki","bbb"
"aaa",1738,"tramwaj konny (Whiteharen - Anglia).","Wynalazki","bbb"
"aaa",1741,"początki mechanicznego przędzenia (Lewis Paul i John Wyatt - Anglia)","Wynalazki","bbb"
"aaa",1741,"platyna w Europie (Charles Wood - Anglia).","Wynalazki","bbb"
"aaa",1741,"pierwszy most łańcuchowy nad rzeką Tees (Anglia)","Wynalazki","bbb"
"aaa",1742,"ustalenie skali temperatur na podstawie zamarzania i wrzenia wody (Anders Celsius - Szwecja)","Wynalazki","bbb"
"aaa",1742,"dzwonki Franklina (Andrew Gordon - Niemcy).","Wynalazki","bbb"
"aaa",1742,"pierwszy kryty basen (Wielka Brytania)","Wynalazki","bbb"
"aaa",1745,"butelka lejdejska (Ewald von Kleist - Prusy), pierwszy kondensator (Pieter van Musschenbroek - Holandia).","Wynalazki","bbb"
"aaa",1746,"wyizolowano cynk jako czysty metal (Andreas Marggraf - Niemcy).","Wynalazki","bbb"
"aaa",1750,"pierwsza prosta turbina wodna (Ján Andrej Segner - Niemcy)","Wynalazki","bbb"
"aaa",1751,"odkryty zostaje nikiel (Axel Frederic von Cronstedt - Szwecja).","Wynalazki","bbb"
"aaa",1752,"piorunochron (Benjamin Franklin - USA)","Wynalazki","bbb"
"aaa",1752,"okulary przeciwsłoneczne (James Ayscough - Anglia).","Wynalazki","bbb"
"aaa",1753,"odkrycie indukcji elektrycznej (John Canton - Anglia).","Wynalazki","bbb"
"aaa",1754,"pierwsza walcownia żelaza (Henry Cort - Anglia).","Wynalazki","bbb"
"aaa",1756,"cement hydrauliczny (John Smeaton - Anglia)","Wynalazki","bbb"
"aaa",1756,"ludzie poznali majonez (kucharz księcia Richelieu - Francja).","Wynalazki","bbb"
"aaa",1758,"pierwsze na świecie biuro podróży (Richard Cox - Anglia).","Wynalazki","bbb"
"aaa",1759,"chronometr morski (John Harrison - Anglia).","Wynalazki","bbb"
"aaa",1760,"pierwsze wrotki (Joseph Merlin - Belgia)","Wynalazki","bbb"
"aaa",1760,"pierwsze kopalnie węgla kamiennego w Polsce.","Wynalazki","bbb"
"aaa",1761,"maszyna do urobku węgla (Michael Menzies - Anglia).","Wynalazki","bbb"
"aaa",1762,"pierwsza kanapka (lord Sandwich - Anglia)","Wynalazki","bbb"
"aaa",1762,"pierwszy elektrofor (Johan C. Wilcke - Szwecja).","Wynalazki","bbb"
"aaa",1763,"pierwsze puzzle (John Spilsbury - Anglia).","Wynalazki","bbb"
"aaa",1764,"przędzarka mechaniczna (James Hargreaves - Anglia).","Wynalazki","bbb"
"aaa",1766,"wyizolowanie wodoru (Henry Cavendish - Anglia)","Wynalazki","bbb"
"aaa",1766,"skrzynka pocztowa (Prusy).","Wynalazki","bbb"
"aaa",1768,"areometr (Antoine Baumé - Francja).","Wynalazki","bbb"
"aaa",1769,"przemysłowa maszyna parowa (James Watt - Anglia)","Wynalazki","bbb"
"aaa",1769,"nowożytny cyrk (Philip Astley - Anglia).","Wynalazki","bbb"
"aaa",1770,"wprowadzenie jednostki mocy koń mechaniczny (James Watt - Anglia)","Wynalazki","bbb"
"aaa",1770,"wydzielono azot (Carl W. Scheele - Szwecja)","Wynalazki","bbb"
"aaa",1770,"wynaleziona została gumka do mazania (Joseph Priestley - Anglia)","Wynalazki","bbb"
"aaa",1771,"pojazd parowy (Nicolas J. Cugnot - Francja).","Wynalazki","bbb"
"aaa",1772,"pierwszy android z programowalną pamięcią (Pierre Jaquet-Droz - Szwajcaria)","Wynalazki","bbb"
"aaa",1772,"gaz rozweselający (Joseph Priestley - Anglia).","Wynalazki","bbb"
"aaa",1773,"wprowadzenie do mechaniki pojęcia pary sił (Charles Coulomb - Francja).","Wynalazki","bbb"
"aaa",1774,"otrzymanie czystego tlenu w laboratorium (Joseph Priestley - Anglia)","Wynalazki","bbb"
"aaa",1774,"chlor zmieszany z powietrzem (Carl W. Scheele - Szwecja)","Wynalazki","bbb"
"aaa",1774,"pierwsza analiza powietrza (Antoine L. Lavousier - Francja)","Wynalazki","bbb"
"aaa",1775,"odkrycie pozwalające na budowę higrometru (Horace de Saussure - Szwajcaria).","Wynalazki","bbb"
"aaa",1776,"łódź podwodna (David Bushnell - USA)","Wynalazki","bbb"
"aaa",1776,"pierwszy koktajl (Betsy Flanagan - USA).","Wynalazki","bbb"
"aaa",1776,"strugarka do drewna (Hatton - Anglia)","Wynalazki","bbb"
"aaa",1777,"woda sodowa (Joseph Priestley - Anglia)","Wynalazki","bbb"
"aaa",1777,"biurko (Jean-Henri Riesener - Francja).","Wynalazki","bbb"
"aaa",1778,"odkryto molibden (Carl W. Scheele - Szwecja).","Wynalazki","bbb"
"aaa",1779,"pierwszy most żeliwny łukowy (Anglia)","Wynalazki","bbb"
"aaa",1779,"grafit uznany za odmianę węgla (Carl W. Scheele - Szwecja).","Wynalazki","bbb"
"aaa",1779,"odkrycie gliceryny (Carl W. Scheele - Szwecja)","Wynalazki","bbb"
"aaa",1780,"stalowa lina (Francja)","Wynalazki","bbb"
"aaa",1780,"elektryczna zapalniczka (Bazylea)","Wynalazki","bbb"
"aaa",1780,"stalowe pióro do pisania (firma Harrison)","Wynalazki","bbb"
"aaa",1781,"ustalenie składu chemicznego wody i powietrza (Henry Cavendish - Anglia).","Wynalazki","bbb"
"aaa",1782,"w pełni użyteczna maszyna parowa (James Watt - Anglia).","Wynalazki","bbb"
"aaa",1783,"balon wypełniony ogrzanym powietrzem (bracia Joseph i Jaques Montgolfier - Francja)","Wynalazki","bbb"
"aaa",1783,"wyodrębniono czysty wolfram (José i Fausto Elhuyar - Hiszpania).","Wynalazki","bbb"
"aaa",1783,"łódź z napędem parowym (Claude d'Abbans - Francja)","Wynalazki","bbb"
"aaa",1784,"ustalenie składu chemicznego amoniaku (Claude L. Berthollet - Francja).","Wynalazki","bbb"
"aaa",1785,"przelot balonem nad kanałem La Manche (Jean-Pierre Blanchard, John Jeffries - Francja / USA).","Wynalazki","bbb"
"aaa",1786,"pierwsza młockarnia (Andrew Meikle - Anglia)","Wynalazki","bbb"
"aaa",1786,"przemysłowa produkcja cukru (Prusy).","Wynalazki","bbb"
"aaa",1786,"wyprodukowano blachę ocynkowaną","Wynalazki","bbb"
"aaa",1787,"krosno mechaniczne (Edmund Cartwright - Anglia).","Wynalazki","bbb"
"aaa",1788,"regulator obrotów maszyny parowej (James Watt - Anglia)","Wynalazki","bbb"
"aaa",1788,"pierwsza matura (Karl Abraham von Zedlitz - Prusy).","Wynalazki","bbb"
"aaa",1789,"węgiel został zaliczony do pierwiastków (Antoine Lavoisier - Francja)","Wynalazki","bbb"
"aaa",1789,"odkrycie uranu (Martin. H. Klaproth - Niemcy).","Wynalazki","bbb"
"aaa",1790,"skonstruowano prototyp gilotyny (Joseph Guillotin - Francja)","Wynalazki","bbb"
"aaa",1790,"sznurowadła we współczesnej postaci (Anglia).","Wynalazki","bbb"
"aaa",1790,"pierwsza suwmiarka z noniuszem (Anglia)","Wynalazki","bbb"
"aaa",1791,"opatentowana została turbina gazowa (John Barber - Anglia)","Wynalazki","bbb"
"aaa",1791,"odkryty został tytan (William Gregor - Anglia).","Wynalazki","bbb"
"aaa",1791,"telegraf optyczny semaforowy (Claude Chappe - Francja)","Wynalazki","bbb"
"aaa",1792,"oświetlenie gazowe (William Murdock - Anglia)","Wynalazki","bbb"
"aaa",1792,"ambulans (baron Dominique Jean Larey - Francja).","Wynalazki","bbb"
"aaa",1794,"pierwsza linia telegrafu optycznego (Claude Chappe - Francja)","Wynalazki","bbb"
"aaa",1794,"łożysko kulkowe (Philip Vaughan - Walia).","Wynalazki","bbb"
"aaa",1795,"prasa hydrauliczna (Joseph Bramah - Anglia)","Wynalazki","bbb"
"aaa",1795,"pierwszy patent na korkociąg (Samuel Henshall - Anglia).","Wynalazki","bbb"
"aaa",1796,"litografia (Alois Senefelder - Niemcy)","Wynalazki","bbb"
"aaa",1796,"początek szczepień ochronnych (Edward Jenner - Anglia).","Wynalazki","bbb"
"aaa",1796,"cement hydrauliczny (James Parker - Wielka Brytania)","Wynalazki","bbb"
"aaa",1797,"pierwszy skok ze spadochronem (André-Jacques Garnerin - Francja)","Wynalazki","bbb"
"aaa",1797,"odkrycie chromu (Louis Nicolas Vauqellin - Francja).","Wynalazki","bbb"
"aaa",1799,"skonstruowano maskę przeciwgazową (Alexander von Humboldt - Niemcy)","Wynalazki","bbb"
"aaa",1799,"zbudowany został grzejnik gazowy (Philippe Lebon - Francja).","Wynalazki","bbb"
"aaa",1800,"bateria elektryczna (Alessandro Volta - Włochy)","Wynalazki","bbb"
"aaa",1800,"pierwsza kosiarka z nożami (R. Mearos - Anglia)","Wynalazki","bbb"
"aaa",1800,"promieniowanie podczerwone (Friedrich Wilhelm Herschel - Anglia)","Wynalazki","bbb"
"aaa",1801,"lokomotywa drogowa (samochód parowy: R. Trevithick- Anglia)","Wynalazki","bbb"
"aaa",1801,"pierwszy galwanoskop (P. Simon)","Wynalazki","bbb"
"aaa",1801,"patent na silnik gazowy z zapłonem elektrycznym (P. Lebon - Francja)","Wynalazki","bbb"
"aaa",1802,"produkcja cukru z buraków na skalę przemysłową (Achard, Dolessert)","Wynalazki","bbb"
"aaa",1802,"pierwszy parowiec wyposażony w koło łopatkowe (W. Symington - Szkocja).","Wynalazki","bbb"
"aaa",1802,"prawo Gay–Lussaca (Francja), kuchnia gazowa (Z. Winzer - Niemcy)","Wynalazki","bbb"
"aaa",1803,"kursują taksówki z napędem parowym (Londyn)","Wynalazki","bbb"
"aaa",1803,"skonstruowano poligraf (J. Hawkins - Anglia).","Wynalazki","bbb"
"aaa",1804,"mechaniczny warsztat do tkania wzorzystego (J. M. Jacquard - Francja)","Wynalazki","bbb"
"aaa",1804,"wyodrębnienie  morfiny (F. Serturner - Niemcy).","Wynalazki","bbb"
"aaa",1804,"bębenkowa maszyna do szycia (Anglia)","Wynalazki","bbb"
"aaa",1805,"pierwszy pojazd lądowo-wodny (O. Evans - USA)","Wynalazki","bbb"
"aaa",1805,"zapałki (Jan C. Chancel - Francja)","Wynalazki","bbb"
"aaa",1805,"palnik gazowy do cięcia metali (Stone - Anglia)","Wynalazki","bbb"
"aaa",1806,"gazowe oświetlenie fabryki (W. Murdock - Anglia)","Wynalazki","bbb"
"aaa",1806,"maszyna do produkcji wkrętów do drewna (F. Japy)","Wynalazki","bbb"
"aaa",1806,"ekspres do kawy (B. Thompson - hrabia Rumford)","Wynalazki","bbb"
"aaa",1807,"pojęcie energii (T. Young - Anglia)","Wynalazki","bbb"
"aaa",1807,"rower wodny (czas przybliżony, miejsce nieznane)","Wynalazki","bbb"
"aaa",1807,"praktyczny parostatek ( R. Fulton - USA)","Wynalazki","bbb"
"aaa",1808,"kolej parowa na szynach (R. Trevithick - Anglia)","Wynalazki","bbb"
"aaa",1808,"wyodrębniono magnez (H. Davy - Anglia)","Wynalazki","bbb"
"aaa",1808,"piła taśmowa do obróbki drewna (W. Newberry - Anglia)","Wynalazki","bbb"
"aaa",1809,"została odkryta parafina (J.N. von Fusch)","Wynalazki","bbb"
"aaa",1810,"konserwy (N. Appert - Francja)","Wynalazki","bbb"
"aaa",1810,"telegraf elektryczny (T. von Soemmering - Niemcy)","Wynalazki","bbb"
"aaa",1810,"metalowa puszka (P. Durant - Anglia)","Wynalazki","bbb"
"aaa",1811,"szybkobieżna parowa maszyna drukarska (F. Koenig - Anglia)","Wynalazki","bbb"
"aaa",1811,"prawo Avogadro (A. Avogadro - Włochy)","Wynalazki","bbb"
"aaa",1811,"wyjaśnienie zjawiska bąka - żyroskop (S. Poisson - Francja)","Wynalazki","bbb"
"aaa",1812,"skala do określania twardości minerałów (F. Mohs - Niemcy)","Wynalazki","bbb"
"aaa",1812,"łańcuchowa kolej żelazna (W. i E. Chapman - Wielka Brytania).","Wynalazki","bbb"
"aaa",1812,"teoria powstawania systemów planetarnych (P. S. de Laplace - Francja)","Wynalazki","bbb"
"aaa",1813,"rower biegowy (F. D. Sauevbronn)","Wynalazki","bbb"
"aaa",1813,"prototyp piły tarczowej (T. Babbitt - USA).","Wynalazki","bbb"
"aaa",1814,"pierwszy wojenny statek parowy (R. Fulton - USA)","Wynalazki","bbb"
"aaa",1814,"zbudowany został spektrometr (J. Fraunhofer - Niemcy).","Wynalazki","bbb"
"aaa",1815,"pierwszy gazomierz (S. Clegg - Wielka Brytania).","Wynalazki","bbb"
"aaa",1816,"stetoskop (T.H. Laennec)","Wynalazki","bbb"
"aaa",1816,"gaśnica (G. Manby - Anglia)","Wynalazki","bbb"
"aaa",1816,"górnicza lampa bezpieczeństwa (H. Davy - Anglia)","Wynalazki","bbb"
"aaa",1817,"hulajnoga (??? - Niemcy)","Wynalazki","bbb"
"aaa",1817,"wyizolowano selen (J. J. Berzelius - Szwecja).","Wynalazki","bbb"
"aaa",1817,"odkryto kadm (F. Stromeyer - Niemcy)","Wynalazki","bbb"
"aaa",1818,"frezarka z samoczynnym przesuwem stołu (E. Whitney - USA)","Wynalazki","bbb"
"aaa",1818,"świeca ze stearyny (H. Braconnot - Francja).","Wynalazki","bbb"
"aaa",1819,"ożaglowany parostatek ""Savannah"" przepływa Atlantyk (USA).","Wynalazki","bbb"
"aaa",1820,"zjawisko elektromagnetyzmu (H. CH. Oersted - Dania)","Wynalazki","bbb"
"aaa",1820,"metoda wytłaczania rur ołowiowych (T. Burr - Anglia)","Wynalazki","bbb"
"aaa",1820,"podstawowe prawa elekromagnetyzmu (A. Ampère - Francja)","Wynalazki","bbb"
"aaa",1821,"skonstruowanie stopera (F.J. Arago - Francja)","Wynalazki","bbb"
"aaa",1821,"harmonijka ustna - organki (Ch. Buschman - Niemcy).","Wynalazki","bbb"
"aaa",1822,"pierwsza maszyna do składania tekstu (W. Church)","Wynalazki","bbb"
"aaa",1822,"powstał arytmometr - pierwszy produkowany później masowo (Charles X. Thomas - Francja).","Wynalazki","bbb"
"aaa",1822,"zastosowanie prysznica w hydroterapii (V. Priessnitz - Austria)","Wynalazki","bbb"
"aaa",1823,"pierwsze tkaniny nieprzemakalne (Ch. Mackintosh)","Wynalazki","bbb"
"aaa",1823,"zapalniczka (J. W. Döebereiner - Niemcy),","Wynalazki","bbb"
"aaa",1824,"cement portlandzki (J. Aspdin - Anglia)","Wynalazki","bbb"
"aaa",1824,"karabin maszynowy (J. Perkins - USA)","Wynalazki","bbb"
"aaa",1824,"sztuczna skóra (T. Hancock - Anglia)","Wynalazki","bbb"
"aaa",1825,"pierwsza publiczna linia kolejowa Stockton – Darlington (G. Stephenson - Anglia)","Wynalazki","bbb"
"aaa",1825,"pismo dla niewidomych (L. Braille)","Wynalazki","bbb"
"aaa",1825,"gąsienice do pojazdów (G. Caulcy - Anglia)","Wynalazki","bbb"
"aaa",1826,"początki fotografii (J. N. Niepce - Francja)","Wynalazki","bbb"
"aaa",1826,"śruba okrętowa (J. Ressel)","Wynalazki","bbb"
"aaa",1826,"otwarto pierwszą polską politechnikę w Warszawie","Wynalazki","bbb"
"aaa",1827,"wielostopniowa turbina akcyjna (W. Zahn)","Wynalazki","bbb"
"aaa",1827,"schronisko nad Morskim Okiem (E. Homolacs - Polska).","Wynalazki","bbb"
"aaa",1828,"pierwszy silnik elektryczny (Á. Jedlik - Węgry)","Wynalazki","bbb"
"aaa",1828,"karabin z iglicą bezwładnościową (J. N. Dreyse - Niemcy).","Wynalazki","bbb"
"aaa",1829,"ścieg łańcuszkowy i maszyna do jego wykonania (B. Thimonier - Francja)","Wynalazki","bbb"
"aaa",1829,"zbudowany został parowóz ""Rakieta"" (G. Stephenson - Anglia)","Wynalazki","bbb"
"aaa",1829,"pierwsza próba uporządkowania pierwiastków - triady Döbereinera (Döbereiner - Niemcy)","Wynalazki","bbb"
"aaa",1830,"patent na konstrukcję maszyny do szycia (B. Thimonnier - Francja)","Wynalazki","bbb"
"aaa",1830,"frezarka (Stany Zjednoczone)","Wynalazki","bbb"
"aaa",1830,"szkło prasowane (C. Baccarat)","Wynalazki","bbb"
"aaa",1831,"jednostki podstawowe: milimetr, miligram i sekunda (C. F. Gauss - Niemcy)","Wynalazki","bbb"
"aaa",1831,"dzwonek elektryczny (L. Cowen -USA)","Wynalazki","bbb"
"aaa",1831,"indukcja elektromagnetyczna (M. Faraday - Anglia)","Wynalazki","bbb"
"aaa",1832,"pierwsza prądnica prądu zmiennego (H. Pixii - Francja)","Wynalazki","bbb"
"aaa",1832,"klamerka do bielizny (S. Pryor - USA).","Wynalazki","bbb"
"aaa",1832,"ładowana od tyłu strzelba myśliwska (C. Lefaucheux - Francja)","Wynalazki","bbb"
"aaa",1833,"elektryczny zegar kwarcowy (Scheibe, Adelsberger - Niemcy).","Wynalazki","bbb"
"aaa",1834,"praktyczna żniwiarka mechaniczna (C. Mc Cormick - USA)","Wynalazki","bbb"
"aaa",1834,"kapsułki do konfekcjonowania płynnych leków (M. Mothes)","Wynalazki","bbb"
"aaa",1834,"silnik elektryczny bateryjny (M. H. Jacobi - Rosja)","Wynalazki","bbb"
"aaa",1835,"Samuel Colt patentuje rewolwer kapiszonowy (USA)","Wynalazki","bbb"
"aaa",1835,"sejf ognioodporny (Charles i Jeremiah Chubb - USA),","Wynalazki","bbb"
"aaa",1835,"John Frederic Daniel buduje ogniwo galwaniczne (Anglia)","Wynalazki","bbb"
"aaa",1836,"kafar parowy (Cowdin - USA)","Wynalazki","bbb"
"aaa",1836,"odkryto acetylen (E. Davy - Anglia).","Wynalazki","bbb"
"aaa",1836,"wirowa suszarka do bielizny (Penzoldt - Francja)","Wynalazki","bbb"
"aaa",1837,"praktyczny telegraf elektromagnetyczny (S. Morse - USA)","Wynalazki","bbb"
"aaa",1837,"ketchup pomidorowy (Anglia)","Wynalazki","bbb"
"aaa",1837,"wyprodukowanie syntetycznych kamieni szlachetnych (A. Gaudin)","Wynalazki","bbb"
"aaa",1838,"pierwszy morski parowiec o napędzie śrubowym (Smith - Anglia)","Wynalazki","bbb"
"aaa",1838,"telegraf kolejowy (Ch. Wheatstone, Cooke - Anglia)","Wynalazki","bbb"
"aaa",1838,"śruba okrętowa (Ericsson - USA)","Wynalazki","bbb"
"aaa",1839,"początki fotografii - dagerotypia (Daguerre - Francja)","Wynalazki","bbb"
"aaa",1839,"galwanoplastyka (Jacobi - Rosja)","Wynalazki","bbb"
"aaa",1839,"tokarka karuzelowa (Bodmer - Szwajcaria)","Wynalazki","bbb"
"aaa",1840,"nawozy sztuczne w rolnictwie (Liebig - Niemcy)","Wynalazki","bbb"
"aaa",1840,"otrzymanie z drewna celulozy (A. Payen)","Wynalazki","bbb"
"aaa",1840,"klucz i alfabet telegraficzny (F.B. Morse - USA)","Wynalazki","bbb"
"aaa",1841,"znormalizowany gwint calowy (J. Whitworth - Anglia)","Wynalazki","bbb"
"aaa",1841,"omomierz (Ch. Poggendorff).","Wynalazki","bbb"
"aaa",1841,"ustalenie sygnalizacji świetlnej trzykolorowej na kolei (Anglia)","Wynalazki","bbb"
"aaa",1842,"młot parowy w użyciu (Nasmyth - Anglia)","Wynalazki","bbb"
"aaa",1842,"pierwsza kartka pocztowa (M. Egley - Anglia).","Wynalazki","bbb"
"aaa",1842,"maszyna do zszywania książek (T. Richardson)","Wynalazki","bbb"
"aaa",1843,"pierwsza fabryka nawozów sztucznych (Lawes - Anglia)","Wynalazki","bbb"
"aaa",1843,"wyprodukowanie ebonitu (T. Hancock - Anglia)","Wynalazki","bbb"
"aaa",1843,"koparka ziemna na parę (G. Otis)","Wynalazki","bbb"
"aaa",1844,"międzymiastowa linia telegraficzna Waszyngton – Baltimore (S. Morse - USA)","Wynalazki","bbb"
"aaa",1844,"elektryczny zegar (A. Bain - Szkocja).","Wynalazki","bbb"
"aaa",1844,"cement portlandzki prażony (Johnson - Anglia)","Wynalazki","bbb"
"aaa",1845,"tokarka rewolwerowa (S. Fitch - USA)","Wynalazki","bbb"
"aaa",1845,"odkrycie fluorescencji (Brewster)","Wynalazki","bbb"
"aaa",1845,"w Londynie elektryczne światło żarówkowe - kandelabr (Starr)","Wynalazki","bbb"
"aaa",1846,"maszyna do szycia (E. Howe - USA)","Wynalazki","bbb"
"aaa",1846,"pierwsza operacja pod narkozą eterową (USA)","Wynalazki","bbb"
"aaa",1846,"drukarska maszyna rotacyjna (E. Howe - USA)","Wynalazki","bbb"
"aaa",1847,"prawo zachowania energii (H. von Helmholte - Niemcy)","Wynalazki","bbb"
"aaa",1847,"lupa z dwóch soczewek (powiększenie do 120 razy: C. Zeiss - Niemcy)","Wynalazki","bbb"
"aaa",1847,"zasada Dopplera (Austria)","Wynalazki","bbb"
"aaa",1848,"mina morska (E. W. Siemens - Niemcy)","Wynalazki","bbb"
"aaa",1848,"guma do żucia (J. Curtis - USA)","Wynalazki","bbb"
"aaa",1848,"patent na fotel stomatologiczny (W. Hanchett - USA)","Wynalazki","bbb"
"aaa",1849,"chłodziarka mechaniczna (Gorvie - USA)","Wynalazki","bbb"
"aaa",1849,"pranie na sucho (Jean-Baptiste Jolly - Francja).","Wynalazki","bbb"
"aaa",1849,"agrafka (W. Hunt - USA)","Wynalazki","bbb"
"aaa",1850,"pierwsza fotografia Księżyca (C. Bond - USA)","Wynalazki","bbb"
"aaa",1850,"udowodnienie obrotu Ziemi (L. Foucault)","Wynalazki","bbb"
"aaa",1850,"palnik gazowy (W. Bunsen - Niemcy)","Wynalazki","bbb"
"aaa",1851,"podmorska linia telegraficzna (Dover – Calais)","Wynalazki","bbb"
"aaa",1851,"teleobiektyw (J. Porro - Włochy)","Wynalazki","bbb"
"aaa",1851,"pierwszy prom kolejowy w Glasgow","Wynalazki","bbb"
"aaa",1852,"prototyp sterowca (H. J. Giffard - Francja)","Wynalazki","bbb"
"aaa",1852,"pierwszy żyroskop (J. Foucault - Francja).","Wynalazki","bbb"
"aaa",1853,"lampa naftowa (Ignacy Łukasiewicz - Polska)","Wynalazki","bbb"
"aaa",1853,"chipsy ziemniaczane (G. Crum - USA)","Wynalazki","bbb"
"aaa",1853,"skala temperatur bezwzględnych (lord Kelvin - Anglia)","Wynalazki","bbb"
"aaa",1854,"wydobycie i przetwarzanie ropy naftowej ( I. Łukasiewicz - Polska)","Wynalazki","bbb"
"aaa",1854,"pierwsza droga asfaltowa (Merion - Francja)","Wynalazki","bbb"
"aaa",1854,"pierwsza żarówka elektryczna (Goebel - Niemcy)","Wynalazki","bbb"
"aaa",1855,"zapałki (J i  K. Lundström - Szwecja)","Wynalazki","bbb"
"aaa",1855,"pierwsza maszyna do pisania z taśmą (G. Ravizza - Włochy)","Wynalazki","bbb"
"aaa",1855,"telegraf drukujący (D. Hughes - Anglia)","Wynalazki","bbb"
"aaa",1856,"świeżenie stali w konwertorze (H. Bessemer - Anglia)","Wynalazki","bbb"
"aaa",1856,"pierwszy barwnik syntetyczny moweina (Perkin - Anglia).","Wynalazki","bbb"
"aaa",1856,"barwniki syntetyczne (Anglia, Polska)","Wynalazki","bbb"
"aaa",1857,"winda osobowa (E. Otis - USA)","Wynalazki","bbb"
"aaa",1857,"papier toaletowy (USA)","Wynalazki","bbb"
"aaa",1857,"uzyskanie stali narzędziowej (Musket - Szkocja)","Wynalazki","bbb"
"aaa",1858,"światło elektryczne w latarni morskiej (Foreland - Anglia)","Wynalazki","bbb"
"aaa",1858,"szklany słoik z zakrętką (J. L. Mason - USA).","Wynalazki","bbb"
"aaa",1858,"pierwszy telegram kablowy z Anglii do USA","Wynalazki","bbb"
"aaa",1859,"akumulator ołowiowy (G. Plante - Francja)","Wynalazki","bbb"
"aaa",1859,"pierwsze głębokie wiercenia szybów naftowych (G. L. Drake - USA)","Wynalazki","bbb"
"aaa",1859,"walec drogowy (Francja)","Wynalazki","bbb"
"aaa",1860,"silnik spalinowy gazowy (É. Lenoir - Francja)","Wynalazki","bbb"
"aaa",1860,"kombajn żniwny (USA)","Wynalazki","bbb"
"aaa",1860,"prądnica prądu stałego (Pacinotti - Włochy)","Wynalazki","bbb"
"aaa",1861,"wielostrzałowe karabiny (O. Winchester - USA)","Wynalazki","bbb"
"aaa",1861,"początki fotografii barwnej (J. C. Maxwell - Anglia).","Wynalazki","bbb"
"aaa",1862,"fabryka papierosów (Niemcy)","Wynalazki","bbb"
"aaa",1862,"pierwsze tworzywo sztuczne (A. Parkes - Anglia)","Wynalazki","bbb"
"aaa",1862,"frezarka uniwersalna (Brown - USA)","Wynalazki","bbb"
"aaa",1863,"metro (Londyn)","Wynalazki","bbb"
"aaa",1863,"wrębiarka węglowa (Harrison - Anglia)","Wynalazki","bbb"
"aaa",1863,"wagon pulmanowski (G. M. Pullman - USA)","Wynalazki","bbb"
"aaa",1864,"karabin maszynowy (R. Gatling - USA)","Wynalazki","bbb"
"aaa",1864,"dziewiarka mechaniczna (Cotton - Anglia)","Wynalazki","bbb"
"aaa",1864,"proces martenowski w hutnictwie (Martin - Francja)","Wynalazki","bbb"
"aaa",1865,"działko szybkostrzelne (B. B. Hotchkiss)","Wynalazki","bbb"
"aaa",1865,"maszyna dziewiarska (A. Voigt)","Wynalazki","bbb"
"aaa",1865,"wynalezienie pasteryzacji (L. Pasteur - Francja)","Wynalazki","bbb"
"aaa",1866,"łączność atlantycka za pomocą kabla (Irlandia – Szwecja)","Wynalazki","bbb"
"aaa",1866,"metoda wytwarzania celulozy (B. Ch. Tilghman - USA)","Wynalazki","bbb"
"aaa",1866,"prądnica samowzbudna (E. W. Siemens - Niemcy)","Wynalazki","bbb"
"aaa",1867,"żelbet","Wynalazki","bbb"
"aaa",1867,"opatentowano dynamit (A. Nobel - Szwecja)","Wynalazki","bbb"
"aaa",1867,"pierwszy patent (J. Monier - Francja)","Wynalazki","bbb"
"aaa",1868,"konserwy mięsne (USA)","Wynalazki","bbb"
"aaa",1868,"w widmie słonecznym odkryto hel (P. J. Janssen - Francja)","Wynalazki","bbb"
"aaa",1868,"stal wolframowo – manganowa (Anglia)","Wynalazki","bbb"
"aaa",1869,"otwarcie kanału Sueskiego","Wynalazki","bbb"
"aaa",1869,"celuloid (J. Hyatt - USA)","Wynalazki","bbb"
"aaa",1869,"pierwsza transkontynentalna linia kolejowa (USA)","Wynalazki","bbb"
"aaa",1870,"kombajn wiercąco–ładujący do wiercenia w tunelu (Chanell - Anglia)","Wynalazki","bbb"
"aaa",1870,"ceramiczne miski klozetowe (T. W. Twyford - Anglia)","Wynalazki","bbb"
"aaa",1870,"naciągane szprychy druciane do kół rowerowych (E. A. Cowper - Anglia)","Wynalazki","bbb"
"aaa",1871,"tunel alpejski (pod Mt. Cenis)","Wynalazki","bbb"
"aaa",1871,"dzieło “O pochodzeniu człowieka” (K. Darwin - Anglia)","Wynalazki","bbb"
"aaa",1871,"sucha płyta fotograficzna (R. Maddox - Anglia)","Wynalazki","bbb"
"aaa",1872,"uruchomiono produkcję dziadków do orzechów (W. Füchtner - Niemcy)","Wynalazki","bbb"
"aaa",1872,"założono Park Narodowy Yellowstone (USA).","Wynalazki","bbb"
"aaa",1872,"wyprodukowana wazelina (R. Chesebrough - USA)","Wynalazki","bbb"
"aaa",1873,"nauszniki (Ch. Greenwood - USA)","Wynalazki","bbb"
"aaa",1873,"tenis ziemny (W. Wingfield - Anglia).","Wynalazki","bbb"
"aaa",1874,"drut kolczasty - maszyna do produkcji (J. Glidden - USA)","Wynalazki","bbb"
"aaa",1874,"została odkryta heroina (C.R. Alder Wright - Wielka Brytania).","Wynalazki","bbb"
"aaa",1875,"pojazd z silnikiem benzynowym (S. Marcus - Austria)","Wynalazki","bbb"
"aaa",1875,"bezpiecznik elektryczny (T. Edison - USA).","Wynalazki","bbb"
"aaa",1876,"telefon (A. Bell - USA)","Wynalazki","bbb"
"aaa",1876,"udoskonalony silnik spalinowy (Niemcy)","Wynalazki","bbb"
"aaa",1876,"transandyjska linia kolejowa (Polak - Malinowski - Peru)","Wynalazki","bbb"
"aaa",1877,"statek chłodnia","Wynalazki","bbb"
"aaa",1877,"zgrzewarka elektryczna (Thomson - USA)","Wynalazki","bbb"
"aaa",1877,"fonograf (T. Edison - USA)","Wynalazki","bbb"
"aaa",1878,"wirówka do mleka (Carl de Laval - Szwecja)","Wynalazki","bbb"
"aaa",1878,"silnik dwusuwowy (D. Clerk - Szkocja)","Wynalazki","bbb"
"aaa",1878,"mikrofon stykowy (USA)","Wynalazki","bbb"
"aaa",1879,"lokomotywa elektryczna (Niemcy)","Wynalazki","bbb"
"aaa",1879,"tankowiec (M. Kaspijskie)","Wynalazki","bbb"
"aaa",1879,"żarówka elektryczna (T. Edison - USA)","Wynalazki","bbb"
"aaa",1880,"pierwszy wytop stali w piecu łukowym elektrycznym (Siemens - Niemcy)","Wynalazki","bbb"
"aaa",1880,"turbina akcyjna (L.A. Pelton - USA)","Wynalazki","bbb"
"aaa",1880,"sacharyna (C. Fahlberg - Niemcy)","Wynalazki","bbb"
"aaa",1881,"tramwaj elektryczny (W. von Siemens - Niemcy)","Wynalazki","bbb"
"aaa",1881,"kongres w Paryżu wprowadza jednostki podstawowe: centymetr, gram i sekundę.","Wynalazki","bbb"
"aaa",1881,"cysterny kolejowe (Rosja)","Wynalazki","bbb"
"aaa",1882,"pierwsza elektrownia miejska (T. Edison - USA)","Wynalazki","bbb"
"aaa",1882,"transformator prądu zmiennego (M. Deri i C. Zipernowsky)","Wynalazki","bbb"
"aaa",1882,"siatkowa klisza drukarska - autotypia (G. Meisenbach - Niemcy)","Wynalazki","bbb"
"aaa",1883,"zarazek cholery (Koch - Niemcy)","Wynalazki","bbb"
"aaa",1883,"silnik na prąd stały (W. Lahmeyer)","Wynalazki","bbb"
"aaa",1883,"skraplanie powietrza (Wróblewski, Olszewski - Polska)","Wynalazki","bbb"
"aaa",1884,"karabin maszynowy (H. Maxim - Anglia)","Wynalazki","bbb"
"aaa",1884,"mechaniczna analiza i synteza obrazu (P. Nipkow - Niemcy)","Wynalazki","bbb"
"aaa",1884,"reakcyjna turbina parowa (Ch. Parsons - Anglia)","Wynalazki","bbb"
"aaa",1885,"samochód z silnikiem benzynowym (C. Benz - Niemcy)","Wynalazki","bbb"
"aaa",1885,"sztuczny jedwab (Francja)","Wynalazki","bbb"
"aaa",1885,"tankowiec oceaniczny (Batumi – Londyn)","Wynalazki","bbb"
"aaa",1886,"produkcja aluminium na skalę przemysłową (Francja)","Wynalazki","bbb"
"aaa",1886,"motocykl (G. Daimler - Niemcy)","Wynalazki","bbb"
"aaa",1886,"pierwsze użycie linotypu (USA)","Wynalazki","bbb"
"aaa",1887,"gramofon i produkcja płyt (E. Berliner - USA)","Wynalazki","bbb"
"aaa",1887,"wielofazowy silnik indukcyjny (N. Tesla - USA)","Wynalazki","bbb"
"aaa",1887,"podręcznik do nauki międzynarodowego języka Esperanto (L. Zamenhof - Polska)","Wynalazki","bbb"
"aaa",1888,"opona pneumatyczna (John B. Dunlop - Anglia)","Wynalazki","bbb"
"aaa",1888,"ręczne aparaty fotograficzne (Kodak - USA)","Wynalazki","bbb"
"aaa",1888,"silnik elektryczny trójfazowy (N. Tesla - USA)","Wynalazki","bbb"
"aaa",1889,"tarcza obrotowa telefonu (A. Strowger - USA)","Wynalazki","bbb"
"aaa",1889,"ukończenie budowy wieży Eiffla (Paryż)","Wynalazki","bbb"
"aaa",1889,"krzesło elektryczne - pierwszy wyrok śmierci (USA)","Wynalazki","bbb"
"aaa",1890,"teleautograf do przekazywania obrazów na odległość (E. Gray - USA)","Wynalazki","bbb"
"aaa",1890,"powstaje jedna z technik drukowania - rotograwiura (K. Klíč - Czechy)","Wynalazki","bbb"
"aaa",1890,"krosno automatyczne (James H. Northrop - USA)","Wynalazki","bbb"
"aaa",1891,"użyta torpeda w bitwie morskiej (Chile)","Wynalazki","bbb"
"aaa",1891,"patent na projektor i kamerę filmową (A. Edison - USA)","Wynalazki","bbb"
"aaa",1891,"loty ślizgowe, powstaje lotnia (O. Lilienthal - Niemcy)","Wynalazki","bbb"
"aaa",1892,"gaźnik z dyszą i pływakiem (W. Maybach - Niemcy)","Wynalazki","bbb"
"aaa",1892,"podstawy daktyloskopii (sir F. Galton - Anglia)","Wynalazki","bbb"
"aaa",1892,"automatyczna centrala telefoniczna (USA)","Wynalazki","bbb"
"aaa",1893,"wysokonapięciowe prądy wielkiej częstotliwości (N. Tesla - USA)","Wynalazki","bbb"
"aaa",1893,"zamek błyskawiczny (W.L. Judson - USA)","Wynalazki","bbb"
"aaa",1893,"włókno szklane (E. Libbey - USA)","Wynalazki","bbb"
"aaa",1894,"pierwszy wyścig samochodowy (Paryż – Rouen)","Wynalazki","bbb"
"aaa",1894,"wielkoformatowa reklama ścienna (czas przybliżony - USA)","Wynalazki","bbb"
"aaa",1894,"skonstruowanie pleografu (K. Prószyński - Polska)","Wynalazki","bbb"
"aaa",1895,"pierwsza zelektryfikowana linia kolejowa (USA)","Wynalazki","bbb"
"aaa",1895,"użyteczna elektrownia wodna (USA)","Wynalazki","bbb"
"aaa",1895,"kinematograf (bracia Lumiere - Francja)","Wynalazki","bbb"
"aaa",1896,"radio (A. Popow - Rosja, G. Marconi - Włochy)","Wynalazki","bbb"
"aaa",1896,"wykonanie termosu (J. Dewar - Szkocja i R. Burger - Niemcy)","Wynalazki","bbb"
"aaa",1896,"auto z elektrycznym rozrusznikiem (Anglia)","Wynalazki","bbb"
"aaa",1897,"wysokoprężny silnik spalinowy (R. Diesel - Niemcy)","Wynalazki","bbb"
"aaa",1897,"monotyp (T. Lanston - USA)","Wynalazki","bbb"
"aaa",1897,"telegrafia bez drutu (G. Marconi - Włochy)","Wynalazki","bbb"
"aaa",1898,"magnetyczny zapis dźwięku (W. Poulsen - Dania)","Wynalazki","bbb"
"aaa",1898,"konstrukcja głośnika (O. Lodge - Anglia)","Wynalazki","bbb"
"aaa",1898,"odkrycie pierwszych pierwiastków promieniotwórczych ( M. Curie-Skłodowska - Polska)","Wynalazki","bbb"
"aaa",1899,"wolframowa stal narzędziowa szybkotnąca (F. W. Taylor, M. White - USA)","Wynalazki","bbb"
"aaa",1899,"prototyp suszarki do włosów (M. Doliwo-Dobrowolski - Niemcy)","Wynalazki","bbb"
"aaa",1899,"spinacz (J. Vaaler - Norwegia)","Wynalazki","bbb"
"aaa",1900,"sterowiec o sztywnej konstrukcji (Zeppelin - Niemcy)","Wynalazki","bbb"
"aaa",1900,"wyprodukowanie silikonu (S. Kipping - Anglia)","Wynalazki","bbb"
"aaa",1900,"torpedo rowerowe z piastą wolnobiegową (E. Sachs)","Wynalazki","bbb"
"aaa",1901,"nawiązanie łączności radiowej poprzez Atlantyk (G. Marconi - Włochy)","Wynalazki","bbb"
"aaa",1901,"detektor kryształkowy (F. Braun - Niemcy)","Wynalazki","bbb"
"aaa",1901,"wyróżnienie grupy krwi (K. Landsteiner - Austria)","Wynalazki","bbb"
"aaa",1902,"samochód pancerny (Francja - Anglia)","Wynalazki","bbb"
"aaa",1902,"otrzymanie radu (M. i P. Curie - Francja)","Wynalazki","bbb"
"aaa",1902,"świeca zapłonowa (R. Bosh - Niemcy)","Wynalazki","bbb"
"aaa",1903,"samolot: pierwsze udane loty (Wright, Hawk - USA)","Wynalazki","bbb"
"aaa",1903,"otrzymywanie kwasu azotowego z powietrza (Birkeland, Eyde - Norwegia)","Wynalazki","bbb"
"aaa",1903,"traktor gąsienicowy (B. Holt - USA)","Wynalazki","bbb"
"aaa",1904,"wynalezienie diody próżniowej (A. Fleming - Anglia)","Wynalazki","bbb"
"aaa",1904,"rożki do lodów (E. Hamwi - USA).","Wynalazki","bbb"
"aaa",1904,"przesyłanie obrazów i fototelegrafia (A. Korn - Niemcy)","Wynalazki","bbb"
"aaa",1905,"produkcja pralek elektrycznych (USA)","Wynalazki","bbb"
"aaa",1905,"zbudowano patefon (Emil i Charles Pathe - Francja)","Wynalazki","bbb"
"aaa",1905,"teoria względności (A. Einstein - Niemcy)","Wynalazki","bbb"
"aaa",1906,"trioda (L. De Forest - USA)","Wynalazki","bbb"
"aaa",1906,"powstaje prototyp dyktafonu (G. Marconi - Włochy)","Wynalazki","bbb"
"aaa",1906,"duraluminium (A. Wilm - Niemcy)","Wynalazki","bbb"
"aaa",1907,"bakelit (L. Baekeland - Belgia)","Wynalazki","bbb"
"aaa",1907,"skonstruowany został belinograf (É. Belin - Francja).","Wynalazki","bbb"
"aaa",1908,"prototyp użytecznej turbiny gazowej (H. Holzwarth - Niemcy)","Wynalazki","bbb"
"aaa",1908,"klakson elektryczny (M. R. Hutchison - USA)","Wynalazki","bbb"
"aaa",1908,"wytworzenie celofanu (E. Brandenberger - Szwajcaria)","Wynalazki","bbb"
"aaa",1909,"przelot samolotem nad kanałem La Manche (L. Bleriot - Francja)","Wynalazki","bbb"
"aaa",1909,"kauczuk syntetyczny (F. Hofmann - Niemcy).","Wynalazki","bbb"
"aaa",1909,"pierwszy konkurs lotniczy (Reims - Francja)","Wynalazki","bbb"
"aaa",1910,"aeroskop (K. Prószyński - Polska)","Wynalazki","bbb"
"aaa",1910,"wodnopłatowiec (H. Fabre - Francja)","Wynalazki","bbb"
"aaa",1910,"świetlówka neonowa (G. Claude - Francja)","Wynalazki","bbb"
"aaa",1911,"przekazanie obrazu telewizyjnego za pomocą elektryczności (W. Kosma)","Wynalazki","bbb"
"aaa",1911,"pasta do zębów Chlorodent (O. von Mayenburg - Niemcy)","Wynalazki","bbb"
"aaa",1911,"odkrycie promieni kosmicznych (F. Hess)","Wynalazki","bbb"
"aaa",1912,"pierwszy statek oceaniczny z silnikiem Diesla (Dania)","Wynalazki","bbb"
"aaa",1912,"komora Wilsona (Ch. Wilson - Szkocja)","Wynalazki","bbb"
"aaa",1912,"lokomotywa dieslowska (Niemcy)","Wynalazki","bbb"
"aaa",1913,"taśmowa produkcja samochodów (H. Ford - USA)","Wynalazki","bbb"
"aaa",1913,"modele atomów (N. Bohr - Dania)","Wynalazki","bbb"
"aaa",1913,"benzyna syntetyczna (F. Bergius - Niemcy)","Wynalazki","bbb"
"aaa",1914,"zakończono budowę Kanału Panamskiego (USA - Panama)","Wynalazki","bbb"
"aaa",1914,"pomysł zastosowania czołgu w bitwie (E. Swinton - Wielka Brytania).","Wynalazki","bbb"
"aaa",1914,"świetlny sygnalizator drogowy w Cleveland (USA)","Wynalazki","bbb"
"aaa",1915,"pierwszy całkowicie metalowy samolot Junkers J1 (O. Mader i H. Steudel  - Niemcy)","Wynalazki","bbb"
"aaa",1915,"miotacz ognia jako broń (Niemcy)","Wynalazki","bbb"
"aaa",1915,"wyposażenie samolotów w karabiny maszynowe (Fokker E1 - Niemcy)","Wynalazki","bbb"
"aaa",1916,"pierwszy lotniskowiec (Anglia)","Wynalazki","bbb"
"aaa",1916,"nierdzewna stal chromowa (H. Brearley - Anglia)","Wynalazki","bbb"
"aaa",1916,"pierwsze użycie bojowe czołgów (Francja)","Wynalazki","bbb"
"aaa",1917,"masowa produkcja traktorów (H. Ford - USA)","Wynalazki","bbb"
"aaa",1917,"wyjaśnienie zjawiska dyfrakcji światła (W. Rubinowicz - Polska)","Wynalazki","bbb"
"aaa",1917,"produkcja lodówek elektrycznych na skalę handlową (USA)","Wynalazki","bbb"
"aaa",1918,"seryjna produkcja lamp elektronowych (Francja)","Wynalazki","bbb"
"aaa",1918,"maszyna szyfrująca Enigma (A. Scherbius - Niemcy).","Wynalazki","bbb"
"aaa",1919,"transatlantycki przelot samolotu (Alcock, Brown, N. Funlandia – Irlandia)","Wynalazki","bbb"
"aaa",1919,"brytyjski sterowiec przebył Atlantyk w obu kierunkach","Wynalazki","bbb"
"aaa",1919,"pierwsze regularne pasażerskie linie lotnicze (Paryż – Londyn, Berlin – Weimar)","Wynalazki","bbb"
"aaa",1920,"pierwsza rozgłośnia radiowa nadająca stały program (USA)","Wynalazki","bbb"
"aaa",1920,"odkrycie freonu (T. Midgley Jr. - USA).","Wynalazki","bbb"
"aaa",1920,"plaster opatrunkowy (Dickson - USA)","Wynalazki","bbb"
"aaa",1921,"produkcja sztucznego jedwabiu (Anglia, USA)","Wynalazki","bbb"
"aaa",1921,"nordic walking (narciarze biegowi - Finlandia).","Wynalazki","bbb"
"aaa",1922,"parowóz turbinowy (F. Ljungström - Szwecja)","Wynalazki","bbb"
"aaa",1922,"insulina (F. Banting - Kanada)","Wynalazki","bbb"
"aaa",1922,"film dźwiękowy - pierwszy pokaz (Berlin, Niemcy)","Wynalazki","bbb"
"aaa",1923,"początki automatycznej kontroli pracy maszyn i przebiegu procesów technologicznych (USA)","Wynalazki","bbb"
"aaa",1923,"elektroniczna lampa odtwarzająca obrazy (W. K. Zworykin - USA)","Wynalazki","bbb"
"aaa",1923,"elektryczne wycieraczki do samochodów (USA)","Wynalazki","bbb"
"aaa",1924,"pierwsza autostrada z Mediolanu do Varese (Włochy)","Wynalazki","bbb"
"aaa",1924,"głośnik elektrodynamiczny (H. Riegger)","Wynalazki","bbb"
"aaa",1924,"pierwsze udane próby telewizji (J. L. Baird - Anglia)","Wynalazki","bbb"
"aaa",1925,"pierwsza kamera małoobrazkowa Leica","Wynalazki","bbb"
"aaa",1925,"taśma samoprzylepna (R. Drew - USA)","Wynalazki","bbb"
"aaa",1925,"mikrofon elektryczny (J. Maxfield - USA)","Wynalazki","bbb"
"aaa",1926,"praktyczna telewizja - pierwszy pokaz (Baird - Anglia)","Wynalazki","bbb"
"aaa",1926,"noktowizor (J. Baird - Szkocja)","Wynalazki","bbb"
"aaa",1926,"antena typu dipol (H. Yagi i S. Uda - Japonia)","Wynalazki","bbb"
"aaa",1927,"samotny przelot transatlantycki (Lindbergh, N. Jork – Paryż)","Wynalazki","bbb"
"aaa",1927,"syntetyczny kauczuk (Niemcy).","Wynalazki","bbb"
"aaa",1928,"elementy strunobetonowe w budownictwie (Francja)","Wynalazki","bbb"
"aaa",1928,"modulacja częstotliwości w odbiorniku radiowym (H. Armstrong)","Wynalazki","bbb"
"aaa",1928,"licznik Geigera-Müllera (H. Geiger i W. Müller - Niemcy)","Wynalazki","bbb"
"aaa",1929,"początki telewizji elektronicznej: kineskop (V. Zworykin - USA)","Wynalazki","bbb"
"aaa",1929,"elektroencefalograf (H. Berger - Niemcy)","Wynalazki","bbb"
"aaa",1929,"penicylina (A. Fleming - Anglia)","Wynalazki","bbb"
"aaa",1930,"batysfera (O. Barton i W. Beebe - USA)","Wynalazki","bbb"
"aaa",1930,"nylon (USA), zastosowanie pierwszej analogowej maszyny liczącej (USA)","Wynalazki","bbb"
"aaa",1930,"ikonoskop (V. Zworykin - USA)","Wynalazki","bbb"
"aaa",1931,"papierowe ręczniki (A. Scott - USA)","Wynalazki","bbb"
"aaa",1931,"początki radioastronomii (USA)","Wynalazki","bbb"
"aaa",1931,"cyklotron (E. O. Lawrence - USA)","Wynalazki","bbb"
"aaa",1932,"klocki Lego (Ole K. Christiansen - Dania)","Wynalazki","bbb"
"aaa",1932,"powstaje samochód ze śmigłem - Helicron (Francja)","Wynalazki","bbb"
"aaa",1932,"monocykl (J. A. Purves - Anglia)","Wynalazki","bbb"
"aaa",1933,"mikroskop elektronowy (Niemcy)","Wynalazki","bbb"
"aaa",1933,"walcarka do ciągłego walcowania ( T. Sędzimir - Polska)","Wynalazki","bbb"
"aaa",1933,"polietylen (W. Brytania)","Wynalazki","bbb"
"aaa",1934,"sztuczna promieniotwórczość (Curie - Francja)","Wynalazki","bbb"
"aaa",1934,"drogowe światła odblaskowe - kocie oczka (P. Shaw - W. Brytania).","Wynalazki","bbb"
"aaa",1934,"akrylowe tipsy (M. Lappe - USA)","Wynalazki","bbb"
"aaa",1935,"organy elektryczne (L. Hammond - USA)","Wynalazki","bbb"
"aaa",1935,"parkometr (C. Magee - USA)","Wynalazki","bbb"
"aaa",1935,"pierwszy w pełni udany film barwny: Technicolor (USA)","Wynalazki","bbb"
"aaa",1936,"BBC nadaje stały program telewizyjny (Anglia)","Wynalazki","bbb"
"aaa",1936,"prototyp wózka sklepowego (S. Goldman - USA)","Wynalazki","bbb"
"aaa",1936,"pierwszy lot helikoptera o podwójnym rotorze (Niemcy)","Wynalazki","bbb"
"aaa",1937,"perlon (Niemcy)","Wynalazki","bbb"
"aaa",1937,"radioteleskop (G. Reber - USA)","Wynalazki","bbb"
"aaa",1937,"silnik odrzutowy ( F. Whittle - Anglia)","Wynalazki","bbb"
"aaa",1938,"pierwszy funkcjonujący magnetofon (Niemcy)","Wynalazki","bbb"
"aaa",1938,"otrzymanie teflonu (R. Plunkett - USA)","Wynalazki","bbb"
"aaa",1938,"długopis kulkowy (L. Biro)","Wynalazki","bbb"
"aaa",1939,"nowoczesny śmigłowiec (USA)","Wynalazki","bbb"
"aaa",1939,"radar (W. Watt - Anglia)","Wynalazki","bbb"
"aaa",1939,"samolot odrzutowy Heinkel 178 (Niemcy)","Wynalazki","bbb"
"aaa",1940,"pierwsze użycie Cyklonu B przeciw ludziom (obóz Buchenwald - Niemcy)","Wynalazki","bbb"
"aaa",1940,"nylonowe pończochy (firma DuPont - USA).","Wynalazki","bbb"
"aaa",1940,"opracowano gazowany napój Fanta (M. Keith - Niemcy)","Wynalazki","bbb"
"aaa",1941,"pierwsza lokomotywa turbospalinowa (Szwajcaria)","Wynalazki","bbb"
"aaa",1941,"w armii Stanów Zjednoczonych pojawiły się M&M'sy (F. Mars - USA)","Wynalazki","bbb"
"aaa",1941,"praprzodek współczesnego quada - kettenkrad (firma NSU - Niemcy)","Wynalazki","bbb"
"aaa",1942,"wykrywacz min (Polska)","Wynalazki","bbb"
"aaa",1942,"skonstruowano katapultę dla pilotów (Niemcy)","Wynalazki","bbb"
"aaa",1942,"pierwszy reaktor jądrowy (E. Fermi, Chicago)","Wynalazki","bbb"
"aaa",1943,"sztuczna nerka aparat do dializy (W.J. Kolff - Holandia)","Wynalazki","bbb"
"aaa",1943,"zbudowano ipsofon (firma Buhrle &Co - Szwajcaria)","Wynalazki","bbb"
"aaa",1943,"wymyślone zostały zapięcia ubrań - tzw. rzepy (G. de Mestral - Szwajcaria)","Wynalazki","bbb"
"aaa",1944,"pierwsza użyteczna przekaźnikowa maszyna cyfrowa Mark 1 (H. Aiken - USA)","Wynalazki","bbb"
"aaa",1944,"zdalnie kierowane rakiety (W. von Braun i zespół - Niemcy)","Wynalazki","bbb"
"aaa",1944,"mikroskop protonowy (600 000 razy) (Francja)","Wynalazki","bbb"
"aaa",1945,"bomba atomowa (R. Oppenheimer - USA)","Wynalazki","bbb"
"aaa",1945,"sprężyna slinky (R. James - USA)","Wynalazki","bbb"
"aaa",1945,"zapalniczka z płynnym gazem","Wynalazki","bbb"
"aaa",1946,"elektroniczna maszyna licząca ENIAC (USA)","Wynalazki","bbb"
"aaa",1946,"firma Dupont rozpoczęła produkcję teflonu (USA)","Wynalazki","bbb"
"aaa",1946,"zasada zegara atomowego","Wynalazki","bbb"
"aaa",1947,"samolot osiąga prędkość naddźwiękową, Bell X1 (USA)","Wynalazki","bbb"
"aaa",1947,"rozpoznanie wieku szczątków organicznych przy pomocy C 14 (F. Libby - USA)","Wynalazki","bbb"
"aaa",1947,"polaroid - aparat fotograficzny (E. Herbert - USA)","Wynalazki","bbb"
"aaa",1948,"batyskaf (J. Piccard - Szwajcaria)","Wynalazki","bbb"
"aaa",1948,"frezarka sterowana elektronicznie (zespół, USA)","Wynalazki","bbb"
"aaa",1948,"tranzystor (USA)","Wynalazki","bbb"
"aaa",1949,"pierwszy lot non-stop dookoła świata Lucky Lady II (J. Gallagher - USA)","Wynalazki","bbb"
"aaa",1949,"tranzystor warstwowy (W. Shockley - USA)","Wynalazki","bbb"
"aaa",1949,"obwody drukowane","Wynalazki","bbb"
"aaa",1950,"pierwsze programy telewizji barwnej (USA)","Wynalazki","bbb"
"aaa",1950,"początki produkcji włókien poliakrylonitrylowych - orlon (USA)","Wynalazki","bbb"
"aaa",1950,"skonstruowano pager (USA)","Wynalazki","bbb"
"aaa",1951,"odtwarzacz video - Ampex (Ch. Ginsburg - USA)","Wynalazki","bbb"
"aaa",1951,"prototyp pieluszki jednorazowej (M. Donovan - USA)","Wynalazki","bbb"
"aaa",1951,"pierwszy biurowy korektor (Bette N. Graham - USA)","Wynalazki","bbb"
"aaa",1952,"pierwszy samolot odrzutowy w komunikacji pasażerskiej (Anglia)","Wynalazki","bbb"
"aaa",1952,"bomba wodorowa (USA)","Wynalazki","bbb"
"aaa",1952,"pierwsza bieżnia elektryczna (dr. R. Bruce i W. Quinton - USA)","Wynalazki","bbb"
"aaa",1953,"zastosowanie izotopów i promieniowania w lecznictwie (USA)","Wynalazki","bbb"
"aaa",1953,"panoramiczny film ze stereofonicznym dźwiękiem (USA)","Wynalazki","bbb"
"aaa",1953,"frezarka sterowana elektronicznie (USA)","Wynalazki","bbb"
"aaa",1954,"laser (USA, ZSRR)","Wynalazki","bbb"
"aaa",1954,"pierwsze całkowicie zautomatyzowane zakłady przemysłowe (USA, ZSRR)","Wynalazki","bbb"
"aaa",1954,"pierwsza elektrownia jądrowa (ZSRR)","Wynalazki","bbb"
"aaa",1955,"światłowód (S. Kapany - W. Brytania)","Wynalazki","bbb"
"aaa",1955,"opony bezdętkowe","Wynalazki","bbb"
"aaa",1955,"syntetyzator muzyczny","Wynalazki","bbb"
"aaa",1956,"transatlantycka kablowa linia telefoniczna","Wynalazki","bbb"
"aaa",1956,"wprowadzono hamulce tarczowe","Wynalazki","bbb"
"aaa",1956,"początki chirurgii ultradźwiękowej (USA)","Wynalazki","bbb"
"aaa",1957,"pierwszy sztuczny satelita Ziemi (Sputnik 1 - ZSRR)","Wynalazki","bbb"
"aaa",1957,"silnik z wirującym tłokiem (F. Wankel - Niemcy)","Wynalazki","bbb"
"aaa",1957,"jednoszynowa kolej podwieszona (Kolonia)","Wynalazki","bbb"
"aaa",1958,"pasy bezpieczeństwa (Szwecja)","Wynalazki","bbb"
"aaa",1958,"regularne loty transatlantyckie odrzutowców pasażerskich (USA)","Wynalazki","bbb"
"aaa",1958,"pierwowzór gry telewizyjnej (William A. Higinbotham - USA)","Wynalazki","bbb"
"aaa",1959,"sonda kosmiczna osiąga Księżyc (ZSRR)","Wynalazki","bbb"
"aaa",1959,"lodołamacz o napędzie jądrowym (ZSRR)","Wynalazki","bbb"
"aaa",1959,"sfotografowanie niewidocznej z Ziemi strony Księżyca (Łuna 3 - ZSRR)","Wynalazki","bbb"
"aaa",1960,"fotoradar (M. Gatsonides - Holandia)","Wynalazki","bbb"
"aaa",1960,"pierwszy satelita telekomunikacyjny i meteorologiczny (USA)","Wynalazki","bbb"
"aaa",1960,"maszyna elektroniczna odcyfrowuje pismo Majów (ZSRR)","Wynalazki","bbb"
"aaa",1961,"pierwszy lot kosmiczny człowieka (J. Gagarin - ZSRR)","Wynalazki","bbb"
"aaa",1961,"pierwszy układ scalony (B. Noyce - USA)","Wynalazki","bbb"
"aaa",1961,"pierwszy skafander kosmonauty (ZSRR)","Wynalazki","bbb"
"aaa",1962,"początki telewizji międzykontynentalnej: Telstar (USA)","Wynalazki","bbb"
"aaa",1962,"fotodioda (N. Holonyak - USA)","Wynalazki","bbb"
"aaa",1962,"tunel pod Mt. Blanc (Francja – Włochy)","Wynalazki","bbb"
"aaa",1963,"pierwszy stacjonarny satelita telekomunikacyjny (USA)","Wynalazki","bbb"
"aaa",1963,"pierwsza kobieta W. Tiereszkowa w kosmosie (ZSRR)","Wynalazki","bbb"
"aaa",1963,"superlinie kolejowe Tokaido (Japonia)","Wynalazki","bbb"
"aaa",1964,"operacja za pomocą skalpela laserowego (USA)","Wynalazki","bbb"
"aaa",1964,"pierwszy telefaks (USA).","Wynalazki","bbb"
"aaa",1964,"statek kosmiczny Woschod 1 z trzyosobową załogą (ZSRR)","Wynalazki","bbb"
"aaa",1965,"aspartam (J. Schlatter - USA)","Wynalazki","bbb"
"aaa",1965,"elektroniczny flesz z automatycznym sterowaniem błysku","Wynalazki","bbb"
"aaa",1965,"pierwszy próbny pociąg na poduszkach powietrznych (Francja)","Wynalazki","bbb"
"aaa",1966,"czytnik IBM 1287 odczytuje pismo maszynowe i ręczne (USA)","Wynalazki","bbb"
"aaa",1966,"N. Armstrong i D. Scott łączą dwa statki w kosmosie (USA)","Wynalazki","bbb"
"aaa",1966,"sonda kosmiczna ląduje na Wenus (ZSRR)","Wynalazki","bbb"
"aaa",1967,"elektrownia pływowa w St. Malo (Francja)","Wynalazki","bbb"
"aaa",1968,"statek kosmiczny z załogą na pokładzie okrąża Księżyc (USA)","Wynalazki","bbb"
"aaa",1968,"pierwsza myszka komputerowa (D. Engelbart - USA)","Wynalazki","bbb"
"aaa",1968,"pierwszy ponaddźwiękowy samolot pasażerski Tu-114 (ZSRR)","Wynalazki","bbb"
"aaa",1969,"pierwszy bankomat (J. Shepherd-Barron - Anglia)","Wynalazki","bbb"
"aaa",1969,"Boening 747 odbywa pierwszy lot (USA)","Wynalazki","bbb"
"aaa",1969,"firma Sony wprowadza system wideokaset (Japonia)","Wynalazki","bbb"
"aaa",1970,"pierwszy kalkulator (N. Kitz)","Wynalazki","bbb"
"aaa",1970,"udało się zobaczyć atomy uranu","Wynalazki","bbb"
"aaa",1970,"elektronika w małoobrazkowych aparatach fotograficznych","Wynalazki","bbb"
"aaa",1971,"stacja kosmiczna Salut1 (ZSRR)","Wynalazki","bbb"
"aaa",1971,"Mariner 9 wprowadzony na orbitę Marsa (USA)","Wynalazki","bbb"
"aaa",1971,"pierwszy mikroprocesor (firma Intel - USA)","Wynalazki","bbb"
"aaa",1972,"pojawiły się kwadrofoniczne płyty gramofonowe","Wynalazki","bbb"
"aaa",1972,"na rynku pojawiło się jajko niespodzianka (firma Ferrero - Włochy)","Wynalazki","bbb"
"aaa",1972,"pojazd na poduszce magnetycznej (Niemcy)","Wynalazki","bbb"
"aaa",1973,"dom zasilany energią słoneczną (USA)","Wynalazki","bbb"
"aaa",1973,"metoda przędzenia bezwrzecionowego (Polska)","Wynalazki","bbb"
"aaa",1973,"można badać warstwowo wnętrze ciała ludzkiego","Wynalazki","bbb"
"aaa",1974,"porsche sportowe z turbodoładowaniem","Wynalazki","bbb"
"aaa",1974,"ukończono prace nad paralizatorem (J. Cover - USA).","Wynalazki","bbb"
"aaa",1974,"klucz zastąpiono kartą magnetyczną (USA)","Wynalazki","bbb"
"aaa",1975,"magnetowid domowy na rynku (Japonia)","Wynalazki","bbb"
"aaa",1975,"solarium (F. Wolff - Niemcy).","Wynalazki","bbb"
"aaa",1975,"sonda Venus 9 przekazuje pierwsze zdjęcia powierzchni Wenus (ZSRR)","Wynalazki","bbb"
"aaa",1976,"gry telewizyjne na rynku, Viking 1 ląduje na Marsie i przekazuje obrazy (USA)","Wynalazki","bbb"
"aaa",1976,"w użyciu jest Gore-tex (W. Gore - USA).","Wynalazki","bbb"
"aaa",1977,"bomba neutronowa (USA)","Wynalazki","bbb"
"aaa",1977,"wprowadzenie systemu fotografii na poczekaniu.","Wynalazki","bbb"
"aaa",1978,"największa koparka czerpakowa, 240 000 m3 na dzień (Niemcy)","Wynalazki","bbb"
"aaa",1978,"powstaje płyta CD (firma Philips - Holandia).","Wynalazki","bbb"
"aaa",1978,"pierwszy satelita systemu GPS (USA)","Wynalazki","bbb"
"aaa",1979,"pokonanie kanału La Manche samolotem napędzanym pedałami (B. Allen)","Wynalazki","bbb"
"aaa",1979,"ciekłokrystaliczny ekran telewizyjny (Japonia)","Wynalazki","bbb"
"aaa",1979,"pierwszy lot samolotu z napędem słonecznym (L. Mauro - USA)","Wynalazki","bbb"
"aaa",1980,"kieszonkowe komputery na rynku","Wynalazki","bbb"
"aaa",1980,"logiczna łamigłówka - kostka Rubika - w sprzedaży (E. Rubik - Węgry).","Wynalazki","bbb"
"aaa",1980,"nierozpoznawalny samolot bojowy (USA)","Wynalazki","bbb"
"aaa",1981,"na rynku pierwsze odtwarzacze płyt kompaktowych","Wynalazki","bbb"
"aaa",1981,"start pierwszego promu kosmicznego Columbia (USA)","Wynalazki","bbb"
"aaa",1981,"francuski pociąg TGV osiągnął prędkość 380 km/godz.","Wynalazki","bbb"
"aaa",1982,"tomografia komputerowa ciała człowieka","Wynalazki","bbb"
"aaa",1982,"zaczęto używać teletextu.","Wynalazki","bbb"
"aaa",1982,"sztuczne serce (R. Jarvik - USA)","Wynalazki","bbb"
"aaa",1983,"zdefiniowano metr jako 299 792 488 część drogi przebytej w ciągu sekundy przez światło","Wynalazki","bbb"
"aaa",1983,"ukończono najdłuższy tunel świata Seikan (53 850 m, Japonia).","Wynalazki","bbb"
"aaa",1983,"komputer biurowy wyposażony w myszkę","Wynalazki","bbb"
"aaa",1984,"system hamulcowy ABS w produkcji masowej.","Wynalazki","bbb"
"aaa",1985,"nawigacja poprzez satelity, pierwsze modele samochodów z komputerem pokładowym.","Wynalazki","bbb"
"aaa",1986,"określenie pozycji w nawigacji z dokładnością 1 metra (USA)","Wynalazki","bbb"
"aaa",1986,"katastrofa promu Challenger","Wynalazki","bbb"
"aaa",1986,"Voyager 2 mija Uran i Neptuna","Wynalazki","bbb"
"aaa",1987,"nowa generacja nadprzewodników","Wynalazki","bbb"
"aaa",1987,"odkryto gwiazdę supernową w odległości 170 000 lat świetlnych.","Wynalazki","bbb"
"aaa",1988,"Pierwszy wirus komputerowy zaraża 20 tys. komputerów","Wynalazki","bbb"
"aaa",1988,"światłowód pod Atlantykiem","Wynalazki","bbb"
"aaa",1989,"największy samolot świata An225 (ZSRR)","Wynalazki","bbb"
"aaa",1989,"TGV na poduszce magnetycznej osiągnął prędkość 482 km/godz. (Francja).","Wynalazki","bbb"
"aaa",1989,"akcelerator LEP o obwodzie 26,7 km (Francja)","Wynalazki","bbb"
"aaa",1990,"teleskop kosmiczny Hubble na orbicie","Wynalazki","bbb"
"aaa",1990,"grający robot Wabot potrafi zagrać skomplikowane utwory.","Wynalazki","bbb"
"aaa",1990,"ostateczne przebicie ""Eurotunelu"" pod kanałem La Manche","Wynalazki","bbb"
"aaa",1991,"helikoptery bez rotora ogonowego (USA)","Wynalazki","bbb"
"aaa",1991,"wideokamera na wzór oka ludzkiego","Wynalazki","bbb"
"aaa",1991,"zastosowano format MP3 (K. Brandenburg - Niemcy)","Wynalazki","bbb"
"aaa",1992,"pierwszy SMS (N. Papworth - Wielka Brytania).","Wynalazki","bbb"
"aaa",1997,"zastosowanie aerożelu do ochrony czułej elektroniki marsjańskiego łazika przed niskimi temperaturami (NASA - USA).","Wynalazki","bbb"
"aaa",2000,"skonstruowano pendrive (IBM - USA).","Wynalazki","bbb"
"aaa",20,"pierwsze metalowe pióra do pisania (Rzym)","Wynalazki","bbb"
"aaa",50,"powstały pierwsze automaty (Heron z Aleksandrii - czas przybliżony)","Wynalazki","bbb"
"aaa",60,"pierwsza fontanna, skonstruowany został taksometr (Heron - Aleksandria).","Wynalazki","bbb"
"aaa",64,"pierwsza sikawka strażacka (Ktesibios z Aleksandrii) w użyciu (pożar Rzymu).","Wynalazki","bbb"
"aaa",67,"plany budowy Kanału Korynckiego (cesarz rzymski Neron).","Wynalazki","bbb"
"aaa",70,"pierwsze zapiski o dybach (Dzieje Apostolskie).","Wynalazki","bbb"
"aaa",71,"pierwszy zamek obrotowy (Rzym)","Wynalazki","bbb"
"aaa",71,"pojawia się musztarda","Wynalazki","bbb"
"aaa",80,"pierwsze zeszyte książki pergaminowe","Wynalazki","bbb"
"aaa",110,"znany i używany jest ręcznik (Turcja - czas przybliżony).","Wynalazki","bbb"
"aaa",125,"wielka kopuła kamienna - Panteon (Apollodoros z Damaszku - Rzym).","Wynalazki","bbb"
"aaa",132,"sejsmoskop (Zhang Heng - Chiny).","Wynalazki","bbb"
"aaa",150,"system geocentryczny układu świata i opisy tworzenia map (Ptolomeusz)","Wynalazki","bbb"
"aaa",181,"pojawienie się szybkowaru (Rzym)","Wynalazki","bbb"
"aaa",200,"nowoczesna postać książki (kraje śródziemnomorskie)","Wynalazki","bbb"
"aaa",200,"igła magnetyczna (Chiny)","Wynalazki","bbb"
"aaa",200,"łyżwy z żelazną płozą (Skandynawia)","Wynalazki","bbb"
"aaa",231,"taczka (Czuko Liang - Chiny)","Wynalazki","bbb"
"aaa",250,"pierwszy żelazny most wiszący (Chiny)","Wynalazki","bbb"
"aaa",300,"pierwsza wizytówka (Chiny)","Wynalazki","bbb"
"aaa",350,"oświetlenie ulic miejskich smolnymi pochodniami (Antiochia).","Wynalazki","bbb"
"aaa",369,"zastosowanie napędu wodnego do cięcia kamienia (na rzece Mozeli, Galia).","Wynalazki","bbb"
"aaa",400,"mosty wiszące na żelaznych łańcuchach (Indie).","Wynalazki","bbb"
"aaa",450,"chomąto (Chiny)","Wynalazki","bbb"
"aaa",450,"okręty o kadłubach podzielonych grodziami wodoszczelnymi na komory (Chiny).","Wynalazki","bbb"
"aaa",458,"pierwszy opis cyfry zero (Indie).","Wynalazki","bbb"
"aaa",468,"pierwszy pokaz fajerwerków (Chiny).","Wynalazki","bbb"
"aaa",532,"Mnich Dionysius Exiguus po raz pierwszy datuje czas po narodzeniu Chrystusa.","Wynalazki","bbb"
"aaa",593,"klisze drukarskie do druku obrazów (Chiny).","Wynalazki","bbb"
"aaa",600,"papierowe pieniądze (Chiny).","Wynalazki","bbb"
"aaa",622,"początek rachuby czasu u Mahometan.","Wynalazki","bbb"
"aaa",633,"wprowadzenie do obliczeń liczb ujemnych (Indie).","Wynalazki","bbb"
"aaa",674,"ogień grecki (Kallinikos z Heliopolis - Bizancjum).","Wynalazki","bbb"
"aaa",700,"początki produkcji porcelany (Chiny)","Wynalazki","bbb"
"aaa",700,"zastosowanie pługu w rolnictwie (Frankonia)","Wynalazki","bbb"
"aaa",700,"wielki piec do wytopu żelaza (Hiszpania)","Wynalazki","bbb"
"aaa",724,"zegar mechaniczny z wychwytem i napędem wodnym (Chiny).","Wynalazki","bbb"
"aaa",750,"stery na statkach (Chiny)","Wynalazki","bbb"
"aaa",750,"parawan (Chiny).","Wynalazki","bbb"
"aaa",800,"ożaglowanie łacińskie (M. Śródziemne).","Wynalazki","bbb"
"aaa",820,"pierwsze kominy (Szwajcaria).","Wynalazki","bbb"
"aaa",850,"zegar mechaniczny uruchamiany odważnikami (Pacicus - Werona).","Wynalazki","bbb"
"aaa",868,"pierwsza książka drukowana (Wang Czaj - Chiny).","Wynalazki","bbb"
"aaa",875,"maszyna utrzymująca przez chwilę człowieka w powietrzu ( Abbas Ibn Firnas - Hiszpania).","Wynalazki","bbb"
"aaa",900,"Arabscy chemicy w wyniku destylacji wina odkryli napój nazwany przez nich alkoholem","Wynalazki","bbb"
"aaa",900,"żelazne podkowy (data przybliżona - Europa)","Wynalazki","bbb"
"aaa",900,"palenie ognia na grobach - dziady (Litwa, Białoruś - czas przybliżony).","Wynalazki","bbb"
"aaa",940,"soczewka (Tan Cziao - Chiny).","Wynalazki","bbb"
"aaa",950,"wiatrak o osi pionowej (Iran).","Wynalazki","bbb"
"aaa",969,"ognie sztuczne - pierwsza pewna wiadomość (Chiny).","Wynalazki","bbb"
"aaa",984,"pierwsza kanałowa śluza komorowa (Qiao Weiyue - Chiny).","Wynalazki","bbb"
"aaa",1000,"kawa jako napój (Awicenna - Persja)","Wynalazki","bbb"
"aaa",1020,"pierwszy naukowy opis ciemni optycznej - camera obscura (Alhazen - Basra).","Wynalazki","bbb"
"aaa",1041,"pojedyncze czcionki drukarskie (Pi Szeng - Chiny).","Wynalazki","bbb"
"aaa",1044,"proch - pewna wiadomość (Chiny)","Wynalazki","bbb"
"aaa",1088,"kompas magnetyczny pierwszy wyraźny opis (Chiny)","Wynalazki","bbb"
"aaa",1100,"bazylika Św. Marka w Wenecji","Wynalazki","bbb"
"aaa",1100,"pierwsze kopalnie węgla kamiennego (Niemcy, Anglia)","Wynalazki","bbb"
"aaa",1101,"wprowadzono ""saski łokieć"", na którym oparty jest obecnie yard (Henryk I - Anglia).","Wynalazki","bbb"
"aaa",1105,"papier dociera do Europy (Hiszpania).","Wynalazki","bbb"
"aaa",1117,"użycie kompasu w nawigacji (Chiny).","Wynalazki","bbb"
"aaa",1143,"pierwsza wielka katedra gotycka (St. Denis - Francja).","Wynalazki","bbb"
"aaa",1151,"romański słup drogowy (Konin - Polska).","Wynalazki","bbb"
"aaa",1174,"kluczowa data powstania współczesnej odmiany futbolu (Anglia).","Wynalazki","bbb"
"aaa",1200,"rozpowszechnienie koła wodnego jako napędu do wszelkiego rodzaju urządzeń produkcyjnych (Europa)","Wynalazki","bbb"
"aaa",1202,"wprowadzenie cyfr arabskich w Europie (Leonardo Fibonacci).","Wynalazki","bbb"
"aaa",1224,"opisano zjawisko ciążenia ciał ku środkowi Ziemi.","Wynalazki","bbb"
"aaa",1232,"wojskowe użycie rakiet i prochu, podczas obrony Kaifengu, pierwsze granaty i bomby (Chiny).","Wynalazki","bbb"
"aaa",1240,"ster zawiasowy (Bałtyk, M. Północne)","Wynalazki","bbb"
"aaa",1241,"pierwsze ogólnodostępne apteki (Deklaracja z Melfi - królestwo Sycylii).","Wynalazki","bbb"
"aaa",1242,"najstarsza wiadomość o kopalniach soli (Polska - Wieliczka i Bochnia).","Wynalazki","bbb"
"aaa",1250,"nowoczesny, ciężki pług kołowy z lemieszem i odkładnicą (Europa)","Wynalazki","bbb"
"aaa",1265,"gitara - jej współczesna postać (opis Juan Gil Zamora - Hiszpania)","Wynalazki","bbb"
"aaa",1268,"opis soczewki, jednosoczewkowa lupa (Roger Bacon - Anglia).","Wynalazki","bbb"
"aaa",1269,"kompas z podziałem tarczy na 360 stopni (Petrus Peregrinus - Francja)","Wynalazki","bbb"
"aaa",1272,"pierwszy wodociąg we Wrocławiu.","Wynalazki","bbb"
"aaa",1290,"pierwsza huta wytwarzająca butelki z zielonego szkła (Lempoel - Francja).","Wynalazki","bbb"
"aaa",1297,"początki gry w golfa (Holandia).","Wynalazki","bbb"
"aaa",1302,"róża wiatrów do kompasu (Flavio Gioja z Almalfi - Włochy).","Wynalazki","bbb"
"aaa",1326,"armata - pierwsza pewna wiadomość (Europa Zach.).","Wynalazki","bbb"
"aaa",1333,"założenie w Wenecji pierwszego publicznego ogrodu botanicznego.","Wynalazki","bbb"
"aaa",1335,"mechaniczny zegar wieżowy (Jacopo Dondi - Mediolan).","Wynalazki","bbb"
"aaa",1338,"użycie armat przy oblężeniu Rouen (Francja).","Wynalazki","bbb"
"aaa",1346,"użycie armat w polu, w bitwie pod Crécy (Francja)","Wynalazki","bbb"
"aaa",1350,"wielki linowy most wiszący nad rzeką Apurimac (Inkowie, Peru)","Wynalazki","bbb"
"aaa",1350,"ukończono budowę “krzywej wieży” w Pizie (G. i B. Pisano - Włochy).","Wynalazki","bbb"
"aaa",1364,"wychwyt i balans do zegara (H. Wick - Niemcy).","Wynalazki","bbb"
"aaa",1379,"gobelin z Angres - wysokość 1,56 m, szerokość 6 metrów (N. Bataile z Arras).","Wynalazki","bbb"
"aaa",1390,"metalowe czcionki drukarskie (Korea)","Wynalazki","bbb"
"aaa",1400,"wielki piec hutniczy (Europa Zach.)","Wynalazki","bbb"
"aaa",1400,"papier toaletowy (Chiny)","Wynalazki","bbb"
"aaa",1409,"pierwsza książka drukowana przy użyciu metalowych czcionek (Korea).","Wynalazki","bbb"
"aaa",1425,"wynalezienie farb olejnych (J. van Eyck - Belgia - data przybliżona).","Wynalazki","bbb"
"aaa",1427,"granat - pierwsze użycie w Europie (tzw. granaty włoskie).","Wynalazki","bbb"
"aaa",1430,"latarnia czarnoksięska (jezuita Athanasius Kircher)","Wynalazki","bbb"
"aaa",1438,"opisanie skafandra nurka z hełmem (M. Jacobus).","Wynalazki","bbb"
"aaa",1444,"magiel - maglownica (znaleziona w Norwegii w pobliżu Bergen).","Wynalazki","bbb"
"aaa",1445,"prasa drukarska: początki drukarstwa czcionkowego w Europie (J. Gutenberg - Moguncja).","Wynalazki","bbb"
"aaa",1446,"technika druku wklęsłego - miedzioryt (Maso Tommasoii Finiquerra - Florencja).","Wynalazki","bbb"
"aaa",1449,"przyznano rodzaj pierwszego patentu (Anglia)","Wynalazki","bbb"
"aaa",1455,"Republika Wenecka otworzyła ambasadę w Genui (Włochy).","Wynalazki","bbb"
"aaa",1457,"kocz – powóz na resorach z pasów skórzanych (Węgry).","Wynalazki","bbb"
"aaa",1474,"pierwsza drukowana książka w Polsce","Wynalazki","bbb"
"aaa",1474,"pierwsze prawa patentowe (Wenecja)","Wynalazki","bbb"
"aaa",1480,"pierwszy tunel w Monte Viso 75 metrów w Alpach","Wynalazki","bbb"
"aaa",1495,"Pedro Navarro wysadził twierdzę Castello Nuovo w Neapolu, przy pomocy miny (Włochy).","Wynalazki","bbb"
"aaa",-776,"pierwsze igrzyska olimpijskie","Historia","bbb"
"aaa",-753,"założenie Rzymu przez Romulusa i Remusa","Historia","bbb"
"aaa",-509,"Rzym republiką","Historia","bbb"
"aaa",-508,"reformy Klejstenesa – ukształtowanie demokracji ateńskiej","Historia","bbb"
"aaa",-490,"bitwa pod Maratonem","Historia","bbb"
"aaa",-480,"bitwa pod Termopilami","Historia","bbb"
"aaa",-480,"bitwa pod Salaminą","Historia","bbb"
"aaa",-33,"bitwa pod Cheroneą – Filip II (ojciec Aleksandra Wielkiego) podbija Grecję","Historia","bbb"
"aaa",-264,"I wojna punicka – Sycylia","Historia","bbb"
"aaa",-218,"II wojna punicka – Hannibal","Historia","bbb"
"aaa",-149,"III wojna punicka – zburzenie Kartaginy","Historia","bbb"
"aaa",-73,"powstanie Spartakusa","Historia","bbb"
"aaa",-44,"zabicie Juliusza Cezara","Historia","bbb"
"aaa",381,"uznanie chrześcijaństwa przez Teodozjusza za religie panującą","Historia","bbb"
"aaa",395,"podział przez Teodozjusza Rzymu na część Wschodnią i Zachodnią","Historia","bbb"
"aaa",476,"upadek zachodniego cesarstwa rzymskiego oraz koniec starożytności","Historia","bbb"
"aaa",622,"ucieczka Mahometa z Mekki do Medyny","Historia","bbb"
"aaa",1054,"schizma wschodnia – rozłam w kościele na prawosławny i katolicki","Historia","bbb"
"aaa",1348,"Rozpoczecie pandemi „czarna śmierć” - dżuma","Historia","bbb"
"aaa",1350,"oficjalny koniec pandemi dżumy „czarna śmierć”","Historia","bbb"
"aaa",966,"Chrzest Polski","Historia","bbb"
"aaa",972,"bitwa pod Cedynią","Historia","bbb"
"aaa",1000,"Zjazd w Gnieźnie","Historia","bbb"
"aaa",1025,"Bolesław Chrobry pierwszym królem Polski","Historia","bbb"
"aaa",1039,"najazd Brzetysława na Polskę","Historia","bbb"
"aaa",1076,"koronacja Bolesława Śmiałego","Historia","bbb"
"aaa",1138,"Podział Polski na dzielnice testament Krzywoustego","Historia","bbb"
"aaa",1226,"Sprowadzenie Krzyżaków do Polski przez księcia mazowieckiego Konrada","Historia","bbb"
"aaa",1241,"Najazd Tatarów na ziemie polskie bitwa pod Legnicą upadek Henryków Śląskich","Historia","bbb"
"aaa",1320,"koronacja Władysława Łokietka na Wawelu","Historia","bbb"
"aaa",1333,"Poczatek panowania Kazimierza Wielkiego","Historia","bbb"
"aaa",1370,"Koniec panowania Kazimierza Wielkiego","Historia","bbb"
"aaa",1331,"Bitwa pod Płowcami pokonanie Krzyżaków","Historia","bbb"
"aaa",1335,"Zjazd w Wyszehradzie monarchów Czech Węgier i Polski-rozstrzygnięcie wojny z Krzyżakami","Historia","bbb"
"aaa",1343,"Zawarcie pokoju w Kaliszu z Krzyżakami","Historia","bbb"
"aaa",1364,"założenie Akademii Krakowskiej przez Kazimierza Wielkiego pierwszego uniwersytetu","Historia","bbb"
"aaa",1364,"uczta u Wierzynka – zjazd monarchów w Krakowie","Historia","bbb"
"aaa",1370,"koniec dynastii Piastów śmierć Kazimierza Wielkiego","Historia","bbb"
"aaa",1374,"przywilej w Koszycach","Historia","bbb"
"aaa",1384,"Jadwiga zostaje królem Polski","Historia","bbb"
"aaa",1385,"Unia polsko – litewska - unia w Krewie","Historia","bbb"
"aaa",1409,"Początek wielkiej wojny z Krzyżakami","Historia","bbb"
"aaa",1411,"Koniec wielkiej wojny z Krzyżakami","Historia","bbb"
"aaa",1410,"Bitwa pod Grunwaldem","Historia","bbb"
"aaa",1411,"I Pokój w Toruniu","Historia","bbb"
"aaa",1444,"Bitwa po Warną","Historia","bbb"
"aaa",1454,"Rozpoczęcie wojny trzynastoletniej z Zakonem Krzyżackim – odzyskanie Pomorza przez Polskę","Historia","bbb"
"aaa",1466,"II pokój w Toruniu","Historia","bbb"
"aaa",1453,"upadek cesarstwa bizantyjskiego – zdobycie Konstantynopola przez Turków (data graniczna!)","Historia","bbb"
"aaa",1455,"„Biblia Gutenberga” - pierwsza książka wydana drukiem w Europie (data graniczna!)","Historia","bbb"
"aaa",1492,"odkrycie Ameryki przez Kolumba (data graniczna!)","Historia","bbb"
"aaa",1517,"początek reformacji Marcin Luter przybija do drzwi kościoła w Wittenberdze 95 tez (data graniczna!)","Historia","bbb"
"aaa",1555,"pokój w Augsburgu – Czyja władza tego religia","Historia","bbb"
"aaa",1613,"początek dynastii Romanowów w Rosji – koniec „wielkiej smuty”","Historia","bbb"
"aaa",1721,"Piotr I Wielki – Imperatorem Wszechrosji","Historia","bbb"
"aaa",1773,"Bostońska herbatka w USA","Historia","bbb"
"aaa",1776,"deklaracja niepodległości USA","Historia","bbb"
"aaa",1787,"pierwsza konstytucja na świecie – w USA","Historia","bbb"
"aaa",1505,"Konstytucja „Nihil Novi” - nic nowego","Historia","bbb"
"aaa",1525,"Hołd Pruski Albrecht Hohenzollern składa hołd lenny Zygmuntowi I Staremu","Historia","bbb"
"aaa",1569,"Unia lubelska z Litwą","Historia","bbb"
"aaa",1572,"umiera Zygmunt August – koniec dynastii Jagiellonów","Historia","bbb"
"aaa",1573,"Konfederacja warszawska pierwsza wolna elekcja – Henryk Walezy – pierwszy król elekcyjny","Historia","bbb"
"aaa",1596,"Zygmunt III Waza przenosi stolicę z Krakowa do Warszawy","Historia","bbb"
"aaa",1605,"Bitwa pod Kircholmem (zwycięstwo Jan Karol Chodkiewicz)","Historia","bbb"
"aaa",1620,"Klęska pod Cecorą (umiera Stanisław Żółkiewski)","Historia","bbb"
"aaa",1621,"Bitwa pod Chocimiem (taktyczne zwycięstwo RP w oblężonym obozie umiera Jan Karol Chodkiewicz)","Historia","bbb"
"aaa",1648,"powstanie Chmielnickiego na Ukrainie","Historia","bbb"
"aaa",1660,"potop szwedzki","Historia","bbb"
"aaa",1673,"Zwycięstwo Sobieskiego pod Chocimiem","Historia","bbb"
"aaa",1683,"Odsiecz wiedeńska – wielkie zwycięstwo Jana III Sobieskiego","Historia","bbb"
"aaa",1717,"Sejm Niemy","Historia","bbb"
"aaa",1764,"początek panowanie ostatniego króla Polski Stanisława Augusta Poniatowskiego","Historia","bbb"
"aaa",1768,"Konfederacja barska","Historia","bbb"
"aaa",1772,"I rozbiór Polski dokonany przez Rosję Austrię i Prusy","Historia","bbb"
"aaa",1792,"Zakończenie Sejmu Wielkiego Czteroletniego","Historia","bbb"
"aaa",1791,"Uchwalenie Konstytucji 3 Maja","Historia","bbb"
"aaa",1792,"Konfederacja Targowicka","Historia","bbb"
"aaa",1793,"II rozbiór Polski dokonany przez Rosję i Prusy","Historia","bbb"
"aaa",1794,"Powstanie Kościuszkowskie","Historia","bbb"
"aaa",1795,"III rozbiór Polski dokonany przez Rosję Austrię i Prusy","Historia","bbb"
"aaa",1795,"abdykacja Poniatowskiego","Historia","bbb"
"aaa",1789,"rewolucja francuska","Historia","bbb"
"aaa",1804,"Napoleon cesarzem Francuzów kodeks Napoleona","Historia","bbb"
"aaa",1813,"kampania rosyjska Napoleona i jego klęska","Historia","bbb"
"aaa",1813,"bitwa narodów pod Lipskiem","Historia","bbb"
"aaa",1848,"Wiosna Ludów Manifest Komunistyczny Karola Marksa i Fryderyka Engelsa","Historia","bbb"
"aaa",1861,"zjednoczenie Włoch","Historia","bbb"
"aaa",1871,"zjednoczenie Niemiec","Historia","bbb"
"aaa",1861,"wojna secesyjna w USA","Historia","bbb"
"aaa",1896,"pierwsze nowożytne igrzyska olimpijskie w Atenach","Historia","bbb"
"aaa",1914,"zamach w Sarajewie na Arcyksięcia Ferdynanda","Historia","bbb"
"aaa",1914,"Wybuch I wojna światowej","Historia","bbb"
"aaa",1918,"koniec I wojny światowej","Historia","bbb"
"aaa",1914,"cud nad Marną – taksówki","Historia","bbb"
"aaa",1916,"bitwa pod Verdun","Historia","bbb"
"aaa",1916,"bitwa nad Sommą – czołgi","Historia","bbb"
"aaa",1917,"przystąpienie USA do wojny","Historia","bbb"
"aaa",1917,"rewolucja lutowa i październikowa w Rosji","Historia","bbb"
"aaa",1918,"Odzyskanie niepodległości przez Polskę po 123 latach -  rozejm w Compiegne w wagonie","Historia","bbb"
"aaa",1797,"Powstanie Legionów Polskich we Włoszech i Mazurka Dąbrowskiego","Historia","bbb"
"aaa",1807,"Utworzenie Księstwa Warszawskiego","Historia","bbb"
"aaa",1815,"Kongres Wiedeński Sto Dni Napoleona Utworzenie Królestwa Polskiegobitwa pod Waterloo","Historia","bbb"
"aaa",1830,"Wybuch powstania listopadowego","Historia","bbb"
"aaa",1846,"Wybuch powstania krakowskiego","Historia","bbb"
"aaa",1863,"Wybuch powstania styczniowego","Historia","bbb"
"aaa",1919,"traktat pokojowy z w Wersalu","Historia","bbb"
"aaa",1923,"pucz monachijski","Historia","bbb"
"aaa",1929,"czarny czwartek krach Na Wall Street w Nowym Jorku","Historia","bbb"
"aaa",1932,"wielki głód na Ukrainie śmierć ponad 5 milionów ludzi","Historia","bbb"
"aaa",1933,"mianowanie Hitlera kanclerzem Niemiec przez prezydenta Paula Hinderburga von Beckendorffa","Historia","bbb"
"aaa",1936,"Wybuch wojna domowa w Hiszpanii","Historia","bbb"
"aaa",1939,"zwycięstwo generała Franco w wojnie domowej w Hiszpanii wprowadzenie systemu autorytarnego","Historia","bbb"
"aaa",1938,"anszlusu Austrii","Historia","bbb"
"aaa",1938,"konferencja w Monachium - Układ Monachijski","Historia","bbb"
"aaa",1938,"kryształowa noc Niemcy rozbijają i niszczą mienie żydowskie w Niemczech","Historia","bbb"
"aaa",1939,"Anglia i Francja wypowiadają wojnę Niemcom","Historia","bbb"
"aaa",1939,"wojna zimowa między Rosją a Finlandią Finlandczycy dzielnie się bronią","Historia","bbb"
"aaa",1940,"atak Hitlera na Danię i Norwegię","Historia","bbb"
"aaa",1940,"atak Niemiec na Belgię i Holandię później Francja","Historia","bbb"
"aaa",1940,"bitwa o Anglię","Historia","bbb"
"aaa",1941,"agresja Niemiec na ZSRR","Historia","bbb"
"aaa",1941,"podpisanie Karty Atlantyckiej","Historia","bbb"
"aaa",1941,"Japoński atak na bazę amerykańską Pearl Harbor przystąpienie USA do wojny","Historia","bbb"
"aaa",1943,"konferencja w Teheranie","Historia","bbb"
"aaa",1944,"desant w Normandii","Historia","bbb"
"aaa",1945,"konferencja w Jałcie i w Poczdamie ustalenie podziału Europy Polska za żelazną kurtyną","Historia","bbb"
"aaa",1945,"kapitulacja Niemiec","Historia","bbb"
"aaa",1945,"podpisanie Karty Narodów Zjednoczonych","Historia","bbb"
"aaa",1945,"akt kapitulacji Japonii po rzuceniu bomb atomowych na Hiroszimę i Nagasaki – koniec II WŚ","Historia","bbb"
"aaa",1948,"niepodległość Izraela","Historia","bbb"
"aaa",1949,"traktat waszyngtoński powstanie Organizacji Paktu Północnego Atlantyku – NATO","Historia","bbb"
"aaa",1953,"wojna w Korei podział wzdłuż 38 równoleżnika (tak też jest do dzisiaj)","Historia","bbb"
"aaa",1955,"powołanie Organizacji Układu Warszawskiego","Historia","bbb"
"aaa",1956,"węgierska jesień interwencja wojsk Układu Warszawskiego na Węgrzech","Historia","bbb"
"aaa",1962,"blokada Kuby","Historia","bbb"
"aaa",1966,"rewolucja kulturalna w Chinach (Mao Tse-tunga)","Historia","bbb"
"aaa",1967,"wojna sześciodniowa między Izraelem a Egiptem","Historia","bbb"
"aaa",1968,"praska wiosna próba demokratyzacji systemu politycznego w Czechosłowacji","Historia","bbb"
"aaa",1989,"zburzenie muru berlińskiego","Historia","bbb"
"aaa",1992,"wojna domowa w Jugosławii","Historia","bbb"
"aaa",1918,"Rada Regencyjna powierzyła dowództwo nad siłami zbrojnymi Józefowi Piłsudskiemu","Historia","bbb"
"aaa",1918,"wybuch powstania wielkopolskiego","Historia","bbb"
"aaa",1920,"plebiscyt na Powiślu Warmii i Mazurach","Historia","bbb"
"aaa",1920,"kontrofensywa wojsk polskich znad rzeki Wieprz („cud nad wisłą”)","Historia","bbb"
"aaa",1921,"uchwalenie Konstytucji marcowej","Historia","bbb"
"aaa",1921,"pokój w Rydze między bolszewikami a polską","Historia","bbb"
"aaa",1921,"plebiscyt na Górnym Śląsku","Historia","bbb"
"aaa",1922,"prezydent Narutowicz został zastrzelony","Historia","bbb"
"aaa",1926,"zamach majowy zamach stanu Józefa Piłsudskiego","Historia","bbb"
"aaa",1926,"nowela sierpniowa zmiana w obowiązującej konstytucji","Historia","bbb"
"aaa",1935,"uchwalenie Konstytucji Kwietniowej","Historia","bbb"
"aaa",1939,"pakt Ribbentrop-Mołotow dzielący Polskę między okupantów","Historia","bbb"
"aaa",1939,"atak wojsk Niemieckich na Westerplatte","Historia","bbb"
"aaa",1939,"wkroczenie Armii Czerwonej od wschodu","Historia","bbb"
"aaa",1941,"układ Sikorski-Majski między Polską a ZSRR","Historia","bbb"
"aaa",1942,"przemianowanie Związku Walki Zbrojnej na Armię Krajową","Historia","bbb"
"aaa",1943,"katastrofa gibraltarska śmierć Sikorskiego","Historia","bbb"
"aaa",1943,"na czele rządu Londyńskiego stanął Stanisław Mikołajczyk","Historia","bbb"
"aaa",1944,"manifest Polskiego Komitetu Wyzwolenia Narodowego","Historia","bbb"
"aaa",1944,"postanie warszawskie","Historia","bbb"
"aaa",1945,"powołanie Tymczasowego Rządu Jedności Narodowej","Historia","bbb"
"aaa",1946,"referendum ustrojowe „trzy razy tak!”","Historia","bbb"
"aaa",1952,"Konstytucja PRL","Historia","bbb"
"aaa",1956,"utworzenie Komitetu Obrony Robotników","Historia","bbb"
"aaa",1956,"strajki w Poznaniu w zakładach Cegielskiego – „poznański czerwiec”","Historia","bbb"
"aaa",1968,"wydarzenia marcowe strajki studentów po ocenzurowaniu dziadów","Historia","bbb"
"aaa",1970,"utworzenie w stoczni Gdańskiej Międzyzakładowego Komitetu Strajkowego","Historia","bbb"
"aaa",1976,"wystąpienia robotnicze w Radomiu Ursusie i Płocku","Historia","bbb"
"aaa",1979,"pierwsza pielgrzymka papieża do Polski","Historia","bbb"
"aaa",1980,"utworzenie NSZZ Solidarność","Historia","bbb"
"aaa",1981,"wprowadzenie stanu wojennego","Historia","bbb"
"aaa",1989,"obrady „okrągłego stołu”","Historia","bbb"
"aaa",1989,"pierwsze częściowo wolne wybory","Historia","bbb"
"aaa",1791,"Uchwalenie Konstytucji 3 Maja","Historia","bbb"
"aaa",1792,"Konfederacja Targowicka, wojna z Rosją","Historia","bbb"
"aaa",1793,"II rozbior Polski - przez Rosję i Prusy","Historia","bbb"
"aaa",1794,"Początek Insurekcji kościuszkowskiej. Bitwa pod Racławicami","Historia","bbb"
"aaa",1795,"III rozbior Polski - przez Rosję Austrię i Prusy","Historia","bbb"
"aaa",1804,"Napoleon zostaje cesarzem Franzuzów, ogłoszenie kodeksu Napoleona","Historia","bbb"
"aaa",1807,"Powstanie Księstwa Warszawskiego","Historia","bbb"
"aaa",1815,"Obrady Kongresu Wiedeńskiego, powstanie Królestwa Polskiego","Historia","bbb"
"aaa",-776,"Pierwsze Igrzyska Olimpijskie","Historia","bbb"
"aaa",-490,"persko-grecka bitwa pod Maratonem, zwycięstwo Greków","Historia","bbb"
"aaa",-480,"grecko-perska bitwa pod Termopilami, klęska Greków, Grecko-perska bitwa pod Salaminą","Historia","bbb"
"aaa",-338,"Filip Macedoński pokonuje Greków w bitwie pod Cheroneą","Historia","bbb"
"aaa",-324,"Śmierć Aleksandra Macedońskiego, początek epoki hellenistycznej","Historia","bbb"
"aaa",-753,"Początki Rzymu","Historia","bbb"
"aaa",-509,"Początki Republiki Rzymskiej","Historia","bbb"
"aaa",-264,"I wojna Punicka (Rzymska)","Historia","bbb"
"aaa",-21,"II wojna Punicka","Historia","bbb"
"aaa",-149,"III wojna Punicka","Historia","bbb"
"aaa",-216,"Bitwa rzymsko-kartagińska bitwa pod Kannami, klęska Rzymu","Historia","bbb"
"aaa",-202,"rzymsko-kartagińska bitwa pod Zamą, klęska Kartagińczyków","Historia","bbb"
"aaa",-44,"Zabójstwo Juliusza Cezara dyktatora rzymskiego","Historia","bbb"
"aaa",-31,"Bitwa pod Akcjum pomiędzy Markiem Aureliuszem a Oktawianem o przywództwo w Rzymie, zwycięstwo Oktawiana","Historia","bbb"
"aaa",313,"Konstantyn Wielki przyznał chrześcijanom takie same prawa jak innym religiom","Historia","bbb"
"aaa",395,"Cesarz Teodozjusz dzieli imperium Rzymskie na wschodnie i zachodnie","Historia","bbb"
"aaa",476,"Upadek cesarstwa zachodnio-rzymskiego","Historia","bbb"
"aaa",392,"Chrześcijaństwo religią panującą w imperium rzymskim","Historia","bbb"
"aaa",1054,"Schizma wschodnia - podział kościoła na katolicki i prawosławny","Historia","bbb"
"aaa",622,"Ucieczka Mahometa z Mekki do Medyny. Początek ery muzułmańskiej","Historia","bbb"
"aaa",800,"Karol Wielki koronowany na cesarza odnowionego cesarstwa zachodnio-rzymskiego","Historia","bbb"
"aaa",843,"Traktat w Verdun, podział państwa Karola Wielkiego. Początek Niemiec, Francji i Włoch","Historia","bbb"
"aaa",1077,"Cesarz Henryk IV ukorzył się przed papieżem Grzegorzem VII w Cannosie","Historia","bbb"
"aaa",966,"Chrzest Polski","Historia","bbb"
"aaa",972,"Bitwa pod Cedynią","Historia","bbb"
"aaa",997,"misja św. Wojciecha, śmierć biskupa","Historia","bbb"
"aaa",1000,"Zjazd w Gnieźnie (Bolesław Chrobry i cesarz Otton III)","Historia","bbb"
"aaa",1025,"Koronacja Bolesława Chrobrego - pierwszego króla Polski","Historia","bbb"
"aaa",1076,"Koronacja Bolesława Śmiałego","Historia","bbb"
"aaa",1138,"Testament Bolesława Krzywoustego, podział Polski na dzielnice","Historia","bbb"
"aaa",1095,"Papież Urban II wzywa chrześcijan na krucjaty","Historia","bbb"
"aaa",1241,"Klęska Polaków w bitwie z Tatarami pod Legnicą","Historia","bbb"
"aaa",1226,"Sprowadzenie Krzyżaków do Polski","Historia","bbb"
"aaa",1320,"Koronacja Władysława Łokietka","Historia","bbb"
"aaa",1320,"Zjednoczenie ziem polskich po rozbiciu dzielnicowym","Historia","bbb"
"aaa",1364,"Założenie Akademii Krakowskiej","Historia","bbb"
"aaa",1374,"Przywilej w Koszycach (pierwszy przywilej szlachty)","Historia","bbb"
"aaa",1385,"polsko-litewska unia w Krewie","Historia","bbb"
"aaa",1410,"bitwa pod Grunwaldem - zwycięstwo Polaków z Krzyżakami","Historia","bbb"
"aaa",1453,"Upadek cesarstwa wschodnio rzymskiego","Historia","bbb"
"aaa",1848,"początek Wiosny Ludów Rewolucja lutowa we Francji","Historia","bbb"
"aaa",1830,"Początek powstania listopadowego","Historia","bbb"
"aaa",1846,"Powstanie Krakowskie","Historia","bbb"
"aaa",1871,"Ostateczne zjednoczenie Włoch","Historia","bbb"
"aaa",1871,"Ostateczne zjednoczenie Niemiec","Historia","bbb"
"aaa",1444,"Bitwa pod Warną - klęska wojsk polsko-węgierskich z Turkami","Historia","bbb"
"aaa",1454,"Polsko-krzyżacka wojna trzynastoletnia","Historia","bbb"
"aaa",1492,"Krzysztof Kolumb odkrywa Amerykę","Historia","bbb"
"aaa",1522,"Ferdynand Magellan odbył podróż dookoła świata","Historia","bbb"
"aaa",1517,"Tezy Marcina Lutra, początek kościołów protestanckich","Historia","bbb"
"aaa",1374,"Ludwig Węgierski w Koszycach nadał przywilej dla szlachty","Historia","bbb"
"aaa",1525,"Hołd Pruski - Albrecht Hohenzollern Zygmuntowi Staremu","Historia","bbb"
"aaa",1569,"polsko-litewska unia ""realna"" w Lublinie - powstanie Rzeczypospolitej Obojga Narodów","Historia","bbb"
"aaa",1596,"Unia ""brzeska""","Historia","bbb"
"aaa",1573,"pierwsza wolna elekcja - Henryk Walezy królem Polski","Historia","bbb"
"aaa",1605,"zwycięstwo Polaków nad Szwedami pod Kircholmem","Historia","bbb"
"aaa",1610,"zwycięstwo Polaków nad Rosjanami pod Kuszynem","Historia","bbb"
"aaa",1620,"klęska Polaków w bitwie z Turkami pod Cecorą","Historia","bbb"
"aaa",1648,"początek powstania Chmielnickiego","Historia","bbb"
"aaa",1656,"wojna polsko-szwedzka zwana potopem szwedzkim","Historia","bbb"
"aaa",1673,"Jan Sobieski pokonuje Turków pod Chocimiem","Historia","bbb"
"aaa",1683,"Jan III Sobieski pokonuje Turków pod Wiedniem","Historia","bbb"
"aaa",1699,"polsko-turecki pokój wieczysty w Karłowicach","Historia","bbb"
"aaa",1717,"Sejm Niemy","Historia","bbb"
"aaa",1772,"Konfederacja Barska","Historia","bbb"
"aaa",1772,"I rozbiór Polski - przez Rosję, Austrię i Prusy","Historia","bbb"
"aaa",1773,"Powstanie Komisji Edukacji Narodowej","Historia","bbb"
"aaa",1776,"Amerykańska Deklaracja Niepodległości","Historia","bbb"
"aaa",1787,"Ogłoszenie Konstytucji Stanów Zjednoczonych","Historia","bbb"
"aaa",1789,"Zdobycie Bastylii - początek wielkiej Rewolucji Francuskiej","Historia","bbb"
"aaa",1791,"Ogłoszenie Konstytucji Francuskiej","Historia","bbb"
"aaa",1792,"Obrady sejmu czteroletniego (koniec)","Historia","bbb"
"aaa",1861,"wojna secesyjna w USA","Historia","bbb"
"aaa",1863,"wybuch powstania styczniowego","Historia","bbb"
"aaa",1864,"dekret uwłaszczeniowy w Królestwie Polskim","Historia","bbb"
"aaa",1882,"powstanie międzynarodowej Socjalno-Rewolucyjnej Partii Proletariat","Historia","bbb"
"aaa",1892,"Powstanie Polskiej Partii Socjalistycznej (PPS)","Historia","bbb"
"aaa",1893,"powstanie socjal-demokracji Królestwa Polskiego","Historia","bbb"
"aaa",1897,"powstanie Stronnictwa Narodowo-Demokratycznego","Historia","bbb"
"aaa",1914,"wybuch I wojny światowej","Historia","bbb"
"aaa",1918,"zakończenie I wojny światowej","Historia","bbb"
"aaa",1989,"Upadek Muru Berlińskiego","Historia","bbb"
